-- phpMyAdmin SQL Dump
-- version 5.0.4
-- https://www.phpmyadmin.net/
--
-- Servidor: 127.0.0.1
-- Tiempo de generación: 14-01-2021 a las 19:13:13
-- Versión del servidor: 10.4.17-MariaDB
-- Versión de PHP: 8.0.0

SET SQL_MODE = "NO_AUTO_VALUE_ON_ZERO";
START TRANSACTION;
SET time_zone = "+00:00";


/*!40101 SET @OLD_CHARACTER_SET_CLIENT=@@CHARACTER_SET_CLIENT */;
/*!40101 SET @OLD_CHARACTER_SET_RESULTS=@@CHARACTER_SET_RESULTS */;
/*!40101 SET @OLD_COLLATION_CONNECTION=@@COLLATION_CONNECTION */;
/*!40101 SET NAMES utf8mb4 */;

--
-- Base de datos: `proyecto3a`
--

-- --------------------------------------------------------

--
-- Estructura de tabla para la tabla `estacionesoficiales`
--

CREATE TABLE `estacionesoficiales` (
  `lat` double NOT NULL,
  `lng` double NOT NULL,
  `nombre` char(100) COLLATE utf8_spanish_ci NOT NULL
) ENGINE=InnoDB DEFAULT CHARSET=utf8 COLLATE=utf8_spanish_ci;

--
-- Volcado de datos para la tabla `estacionesoficiales`
--

INSERT INTO `estacionesoficiales` (`lat`, `lng`, `nombre`) VALUES
(38.86797739, -0.19106, 'Gandia Prueba'),
(38.96797739, -0.19109882, 'Gandia');

-- --------------------------------------------------------

--
-- Estructura de tabla para la tabla `incidencias`
--

CREATE TABLE `incidencias` (
  `usuario` varchar(255) CHARACTER SET utf8mb4 NOT NULL,
  `idNodo` int(11) DEFAULT NULL,
  `momento` datetime NOT NULL,
  `tipoIncidencia` varchar(255) CHARACTER SET utf8mb4 NOT NULL,
  `estado` varchar(255) CHARACTER SET utf8mb4 NOT NULL DEFAULT 'pendiente',
  `comentarios` varchar(255) CHARACTER SET utf8mb4 DEFAULT NULL
) ENGINE=InnoDB DEFAULT CHARSET=utf8 COLLATE=utf8_spanish_ci;

--
-- Volcado de datos para la tabla `incidencias`
--

INSERT INTO `incidencias` (`usuario`, `idNodo`, `momento`, `tipoIncidencia`, `estado`, `comentarios`) VALUES
('admin@gmail.com', 1, '2020-11-21 23:41:18', 'lecturasErroneas', 'pendiente', NULL),
('admin@gmail.com', 1, '2020-11-22 18:54:22', 'lecturasErroneas', 'pendiente', NULL),
('admin@gmail.com', 1, '2020-11-22 18:56:34', 'lecturasErroneas', 'pendiente', NULL);

-- --------------------------------------------------------

--
-- Estructura de tabla para la tabla `medidas`
--

CREATE TABLE `medidas` (
  `valor` int(11) NOT NULL,
  `latitud` double NOT NULL,
  `longitud` double NOT NULL,
  `momento` datetime NOT NULL,
  `tipoMedida` varchar(255) NOT NULL,
  `correo` varchar(255) DEFAULT NULL,
  `datosDeTest` tinyint(1) NOT NULL DEFAULT 0,
  `zona` varchar(255) DEFAULT NULL
) ENGINE=InnoDB DEFAULT CHARSET=utf8mb4;

--
-- Volcado de datos para la tabla `medidas`
--

INSERT INTO `medidas` (`valor`, `latitud`, `longitud`, `momento`, `tipoMedida`, `correo`, `datosDeTest`, `zona`) VALUES
(1, 0, 1, '2020-10-18 11:24:43', 'O3', 'admin@gmail.com', 0, 'Gandia'),
(1, 0, 1, '2020-10-18 11:26:22', 'O3', 'admin@gmail.com', 0, 'Gandia'),
(30, 0, 1.1, '2020-10-18 11:32:53', 'O3', 'admin@gmail.com', 0, 'Gandia'),
(30, 0, 1.1, '2020-10-18 11:33:14', 'O3', 'admin@gmail.com', 0, 'Gandia'),
(30, 0, 1.1, '2020-10-18 11:33:34', 'O3', 'admin@gmail.com', 0, 'Gandia'),
(20, 1, 0, '2020-10-21 18:13:27', 'O3', 'admin@gmail.com', 0, 'Gandia'),
(54, 38.804773, -0.160462, '2020-12-16 00:00:00', 'SO2', 'admin@gmail.com', 1, 'Gandia'),
(28, 38.804904, -0.165609, '2020-12-16 00:00:00', 'O3', 'admin@gmail.com', 1, 'Gandia'),
(69, 38.804932, -0.170555, '2020-12-17 00:00:00', 'O3', 'admin@gmail.com', 1, 'Gandia'),
(16, 38.80494, -0.140635, '2020-12-15 20:11:44', 'O3', 'admin@gmail.com', 1, 'Gandia'),
(56, 38.80495, -0.160582, '2020-12-18 00:00:00', 'SO2', 'admin@gmail.com', 1, 'Gandia'),
(68, 38.804975, -0.120539, '2020-12-18 00:00:00', 'SO2', 'admin@gmail.com', 1, 'Gandia'),
(20, 38.805017, -0.185422, '2020-12-17 00:00:00', 'O3', 'admin@gmail.com', 1, 'Gandia'),
(64, 38.805039, -0.180518, '2020-12-15 20:11:43', 'O3', 'admin@gmail.com', 1, 'Gandia'),
(55, 38.805097, -0.150616, '2020-12-17 00:00:00', 'NO2', 'admin@gmail.com', 1, 'Gandia'),
(86, 38.805101, -0.215334, '2020-12-17 00:00:00', 'O3', 'admin@gmail.com', 1, 'Gandia'),
(55, 38.814792, -0.155553, '2020-12-17 00:00:00', 'SO2', 'admin@gmail.com', 1, 'Gandia'),
(76, 38.814802, -0.160551, '2020-12-13 00:00:00', 'SO2', 'admin@gmail.com', 1, 'Gandia'),
(63, 38.814857, -0.120538, '2020-12-18 00:00:00', 'CO', 'admin@gmail.com', 1, 'Gandia'),
(75, 38.814882, -0.180432, '2020-12-18 00:00:00', 'CO', 'admin@gmail.com', 1, 'Gandia'),
(24, 38.814886, -0.220405, '2020-12-18 00:00:00', 'O3', 'admin@gmail.com', 1, 'Gandia'),
(111, 38.814886, -0.160629, '2021-01-11 21:16:40', 'O3', 'admin@gmail.com', 0, 'Gandia'),
(14, 38.814927, -0.160629, '2020-12-13 00:00:00', 'SO2', 'admin@gmail.com', 1, 'Gandia'),
(56, 38.814931, -0.185492, '0000-00-00 00:00:00', 'SO2', 'admin@gmail.com', 1, 'Gandia'),
(30, 38.814968, -0.175635, '2020-12-17 00:00:00', 'NO2', 'admin@gmail.com', 1, 'Gandia'),
(63, 38.814986, -0.225479, '2020-12-18 00:00:00', 'SO2', 'admin@gmail.com', 1, 'Gandia'),
(55, 38.814986, -0.145338, '2020-12-15 20:11:43', 'O3', 'admin@gmail.com', 1, 'Gandia'),
(59, 38.815028, -0.175477, '2020-12-16 00:00:00', 'SO2', 'admin@gmail.com', 1, 'Gandia'),
(43, 38.815036, -0.155553, '2020-12-18 00:00:00', 'CO', 'admin@gmail.com', 1, 'Gandia'),
(87, 38.815047, -0.175463, '2020-12-18 00:00:00', 'CO', 'admin@gmail.com', 1, 'Gandia'),
(55, 38.815075, -0.150488, '2020-12-18 00:00:00', 'CO', 'admin@gmail.com', 1, 'Gandia'),
(52, 38.815103, -0.200416, '2020-12-18 00:00:00', 'O3', 'admin@gmail.com', 1, 'Gandia'),
(47, 38.815126, -0.17069, '2020-12-13 00:00:00', 'SO2', 'admin@gmail.com', 1, 'Gandia'),
(51, 38.815134, -0.165505, '2020-12-16 00:00:00', 'O3', 'admin@gmail.com', 1, 'Gandia'),
(37, 38.82487, -0.155441, '2020-12-17 00:00:00', 'SO2', 'admin@gmail.com', 1, 'Gandia'),
(63, 38.824898, -0.175451, '2020-12-18 00:00:00', 'O3', 'admin@gmail.com', 1, 'Gandia'),
(47, 38.824924, -0.215549, '2020-12-13 00:00:00', 'SO2', 'admin@gmail.com', 1, 'Gandia'),
(23, 38.824928, -0.180549, '2020-12-17 00:00:00', 'O3', 'admin@gmail.com', 1, 'Gandia'),
(79, 38.824934, -0.200517, '2020-12-16 00:00:00', 'SO2', 'admin@gmail.com', 1, 'Gandia'),
(58, 38.824937, -0.150678, '2020-12-13 00:00:00', 'SO2', 'admin@gmail.com', 1, 'Gandia'),
(49, 38.824963, -0.175677, '2020-12-17 00:00:00', 'O3', 'admin@gmail.com', 1, 'Gandia'),
(55, 38.824967, -0.150563, '2020-12-18 00:00:00', 'NO2', 'admin@gmail.com', 1, 'Gandia'),
(59, 38.824972, -0.17055, '2020-12-15 20:11:44', 'O3', 'admin@gmail.com', 1, 'Gandia'),
(61, 38.824996, -0.120545, '2020-12-15 20:11:44', 'O3', 'admin@gmail.com', 1, 'Gandia'),
(23, 38.82505, -0.130463, '2020-12-18 00:00:00', 'O3', 'admin@gmail.com', 1, 'Gandia'),
(94, 38.825055, -0.190576, '0000-00-00 00:00:00', 'SO2', 'admin@gmail.com', 1, 'Gandia'),
(62, 38.825068, -0.17061, '2020-12-17 00:00:00', 'CO', 'admin@gmail.com', 1, 'Gandia'),
(79, 38.825069, -0.180551, '2020-12-16 00:00:00', 'SO2', 'admin@gmail.com', 1, 'Gandia'),
(70, 38.825075, -0.155594, '2020-12-17 00:00:00', 'CO', 'admin@gmail.com', 1, 'Gandia'),
(73, 38.825096, -0.165376, '2020-12-16 00:00:00', 'O3', 'admin@gmail.com', 1, 'Gandia'),
(76, 38.825103, -0.150614, '0000-00-00 00:00:00', 'SO2', 'admin@gmail.com', 1, 'Gandia'),
(51, 38.82511, -0.15049, '2020-12-17 00:00:00', 'NO2', 'admin@gmail.com', 1, 'Gandia'),
(63, 38.82516, -0.100596, '2020-12-13 00:00:00', 'SO2', 'admin@gmail.com', 1, 'Gandia'),
(26, 38.834882, -0.215405, '2020-12-18 00:00:00', 'NO2', 'admin@gmail.com', 1, 'Gandia'),
(38, 38.834895, -0.180607, '2020-12-18 00:00:00', 'CO', 'admin@gmail.com', 1, 'Gandia'),
(57, 38.834897, -0.155403, '2020-12-18 00:00:00', 'O3', 'admin@gmail.com', 1, 'Gandia'),
(44, 38.83493, -0.205443, '2020-12-13 00:00:00', 'SO2', 'admin@gmail.com', 1, 'Gandia'),
(72, 38.83494, -0.170529, '2020-12-13 00:00:00', 'SO2', 'admin@gmail.com', 1, 'Gandia'),
(24, 38.83496, -0.205412, '2020-12-17 00:00:00', 'CO', 'admin@gmail.com', 1, 'Gandia'),
(55, 38.834971, -0.170471, '2020-12-17 00:00:00', 'SO2', 'admin@gmail.com', 1, 'Gandia'),
(50, 38.834986, -0.145509, '0000-00-00 00:00:00', 'SO2', 'admin@gmail.com', 1, 'Gandia'),
(49, 38.83499, -0.120497, '2020-12-17 00:00:00', 'SO2', 'admin@gmail.com', 1, 'Gandia'),
(49, 38.835021, -0.175366, '2020-12-15 20:11:43', 'O3', 'admin@gmail.com', 1, 'Gandia'),
(55, 38.835035, -0.150626, '2020-12-17 00:00:00', 'O3', 'admin@gmail.com', 1, 'Gandia'),
(97, 38.83504, -0.150828, '0000-00-00 00:00:00', 'SO2', 'admin@gmail.com', 1, 'Gandia'),
(43, 38.835045, -0.205631, '0000-00-00 00:00:00', 'SO2', 'admin@gmail.com', 1, 'Gandia'),
(58, 38.835061, -0.17061, '2020-12-18 00:00:00', 'CO', 'admin@gmail.com', 1, 'Gandia'),
(19, 38.835069, -0.180438, '0000-00-00 00:00:00', 'SO2', 'admin@gmail.com', 1, 'Gandia'),
(68, 38.835078, -0.175467, '2020-12-18 00:00:00', 'CO', 'admin@gmail.com', 1, 'Gandia'),
(47, 38.835101, -0.095477, '2020-12-18 00:00:00', 'NO2', 'admin@gmail.com', 1, 'Gandia'),
(28, 38.835137, -0.20554, '2020-12-18 00:00:00', 'CO', 'admin@gmail.com', 1, 'Gandia'),
(87, 38.83518, -0.155448, '2020-12-17 00:00:00', 'O3', 'admin@gmail.com', 1, 'Gandia'),
(35, 38.844829, -0.180491, '2020-12-15 20:11:44', 'O3', 'admin@gmail.com', 1, 'Gandia'),
(54, 38.844846, -0.170435, '0000-00-00 00:00:00', 'SO2', 'admin@gmail.com', 1, 'Gandia'),
(66, 38.844846, -0.140563, '2020-12-15 20:11:43', 'O3', 'admin@gmail.com', 1, 'Gandia'),
(70, 38.844847, -0.150603, '2020-12-17 00:00:00', 'NO2', 'admin@gmail.com', 1, 'Gandia'),
(56, 38.844913, -0.215629, '0000-00-00 00:00:00', 'SO2', 'admin@gmail.com', 1, 'Gandia'),
(34, 38.844926, -0.180449, '2020-12-16 00:00:00', 'SO2', 'admin@gmail.com', 1, 'Gandia'),
(39, 38.844929, -0.165378, '2020-12-17 00:00:00', 'CO', 'admin@gmail.com', 1, 'Gandia'),
(64, 38.84495, -0.160492, '2020-12-17 00:00:00', 'CO', 'admin@gmail.com', 1, 'Gandia'),
(60, 38.844977, -0.165415, '2020-12-17 00:00:00', 'CO', 'admin@gmail.com', 1, 'Gandia'),
(50, 38.844985, -0.185603, '2020-12-18 00:00:00', 'CO', 'admin@gmail.com', 1, 'Gandia'),
(75, 38.844996, -0.190751, '2020-12-17 00:00:00', 'NO2', 'admin@gmail.com', 1, 'Gandia'),
(37, 38.84501, -0.17048, '2020-12-18 00:00:00', 'CO', 'admin@gmail.com', 1, 'Gandia'),
(22, 38.845044, -0.160518, '2020-12-17 00:00:00', 'NO2', 'admin@gmail.com', 1, 'Gandia'),
(61, 38.845064, -0.145486, '2020-12-18 00:00:00', 'NO2', 'admin@gmail.com', 1, 'Gandia'),
(63, 38.845065, -0.155513, '2020-12-15 20:11:43', 'O3', 'admin@gmail.com', 1, 'Gandia'),
(92, 38.845069, -0.225492, '0000-00-00 00:00:00', 'SO2', 'admin@gmail.com', 1, 'Gandia'),
(43, 38.845078, -0.195501, '2020-12-17 00:00:00', 'CO', 'admin@gmail.com', 1, 'Gandia'),
(45, 38.845111, -0.130235, '2020-12-17 00:00:00', 'NO2', 'admin@gmail.com', 1, 'Gandia'),
(59, 38.845226, -0.200484, '2020-12-18 00:00:00', 'SO2', 'admin@gmail.com', 1, 'Gandia'),
(62, 38.854816, -0.105529, '2020-12-17 00:00:00', 'SO2', 'admin@gmail.com', 1, 'Gandia'),
(75, 38.854844, -0.135496, '2020-12-17 00:00:00', 'O3', 'admin@gmail.com', 1, 'Gandia'),
(96, 38.854845, -0.160573, '2020-12-16 00:00:00', 'O3', 'admin@gmail.com', 1, 'Gandia'),
(91, 38.854845, -0.155598, '2020-12-16 00:00:00', 'SO2', 'admin@gmail.com', 1, 'Gandia'),
(40, 38.854849, -0.175513, '2020-12-18 00:00:00', 'NO2', 'admin@gmail.com', 1, 'Gandia'),
(45, 38.854865, -0.180667, '2020-12-15 20:11:44', 'O3', 'admin@gmail.com', 1, 'Gandia'),
(54, 38.854867, -0.145492, '2020-12-18 00:00:00', 'CO', 'admin@gmail.com', 1, 'Gandia'),
(29, 38.854869, -0.195512, '0000-00-00 00:00:00', 'SO2', 'admin@gmail.com', 1, 'Gandia'),
(66, 38.854887, -0.180569, '2020-12-16 00:00:00', 'SO2', 'admin@gmail.com', 1, 'Gandia'),
(70, 38.85489, -0.200411, '2020-12-18 00:00:00', 'CO', 'admin@gmail.com', 1, 'Gandia'),
(60, 38.85491, -0.190694, '2020-12-17 00:00:00', 'NO2', 'admin@gmail.com', 1, 'Gandia'),
(51, 38.85491, -0.15074, '2020-12-16 00:00:00', 'O3', 'admin@gmail.com', 1, 'Gandia'),
(79, 38.854919, -0.190475, '2020-12-18 00:00:00', 'CO', 'admin@gmail.com', 1, 'Gandia'),
(61, 38.854931, -0.175444, '2020-12-18 00:00:00', 'O3', 'admin@gmail.com', 1, 'Gandia'),
(48, 38.854944, -0.175458, '2020-12-18 00:00:00', 'CO', 'admin@gmail.com', 1, 'Gandia'),
(87, 38.854946, -0.180516, '2020-12-17 00:00:00', 'SO2', 'admin@gmail.com', 1, 'Gandia'),
(52, 38.854953, -0.185413, '2020-12-13 00:00:00', 'SO2', 'admin@gmail.com', 1, 'Gandia'),
(35, 38.854962, -0.145598, '2020-12-17 00:00:00', 'SO2', 'admin@gmail.com', 1, 'Gandia'),
(41, 38.854965, -0.200464, '2020-12-18 00:00:00', 'SO2', 'admin@gmail.com', 1, 'Gandia'),
(59, 38.854975, -0.205445, '2020-12-13 00:00:00', 'SO2', 'admin@gmail.com', 1, 'Gandia'),
(75, 38.854981, -0.145594, '2020-12-17 00:00:00', 'O3', 'admin@gmail.com', 1, 'Gandia'),
(51, 38.855004, -0.23044, '2020-12-16 00:00:00', 'SO2', 'admin@gmail.com', 1, 'Gandia'),
(46, 38.855011, -0.110519, '2020-12-18 00:00:00', 'CO', 'admin@gmail.com', 1, 'Gandia'),
(75, 38.855066, -0.210535, '2020-12-17 00:00:00', 'CO', 'admin@gmail.com', 1, 'Gandia'),
(40, 38.855118, -0.220363, '2020-12-18 00:00:00', 'NO2', 'admin@gmail.com', 1, 'Gandia'),
(68, 38.855124, -0.2055, '2020-12-16 00:00:00', 'SO2', 'admin@gmail.com', 1, 'Gandia'),
(63, 38.855153, -0.145484, '2020-12-17 00:00:00', 'NO2', 'admin@gmail.com', 1, 'Gandia'),
(56, 38.855222, -0.145543, '2020-12-15 20:11:44', 'O3', 'admin@gmail.com', 1, 'Gandia'),
(96, 38.864828, -0.180534, '2020-12-15 20:11:44', 'O3', 'admin@gmail.com', 1, 'Gandia'),
(62, 38.864842, -0.180482, '2020-12-17 00:00:00', 'NO2', 'admin@gmail.com', 1, 'Gandia'),
(49, 38.864847, -0.125413, '2020-12-18 00:00:00', 'SO2', 'admin@gmail.com', 1, 'Gandia'),
(64, 38.864852, -0.155521, '2020-12-16 00:00:00', 'O3', 'admin@gmail.com', 1, 'Gandia'),
(17, 38.86489, -0.190558, '2020-12-18 00:00:00', 'SO2', 'admin@gmail.com', 1, 'Gandia'),
(83, 38.864891, -0.175465, '2020-12-18 00:00:00', 'SO2', 'admin@gmail.com', 1, 'Gandia'),
(58, 38.864891, -0.095611, '2020-12-18 00:00:00', 'O3', 'admin@gmail.com', 1, 'Gandia'),
(74, 38.864893, -0.170491, '2020-12-17 00:00:00', 'SO2', 'admin@gmail.com', 1, 'Gandia'),
(58, 38.864903, -0.200541, '2020-12-16 00:00:00', 'O3', 'admin@gmail.com', 1, 'Gandia'),
(61, 38.864915, -0.160451, '2020-12-18 00:00:00', 'O3', 'admin@gmail.com', 1, 'Gandia'),
(41, 38.864922, -0.165397, '2020-12-18 00:00:00', 'NO2', 'admin@gmail.com', 1, 'Gandia'),
(35, 38.864926, -0.165522, '2020-12-13 00:00:00', 'SO2', 'admin@gmail.com', 1, 'Gandia'),
(62, 38.864932, -0.175359, '2020-12-17 00:00:00', 'O3', 'admin@gmail.com', 1, 'Gandia'),
(43, 38.864939, -0.180616, '2020-12-17 00:00:00', 'NO2', 'admin@gmail.com', 1, 'Gandia'),
(57, 38.864941, -0.205574, '2020-12-13 00:00:00', 'SO2', 'admin@gmail.com', 1, 'Gandia'),
(53, 38.864945, -0.195571, '2020-12-17 00:00:00', 'CO', 'admin@gmail.com', 1, 'Gandia'),
(71, 38.864984, -0.165373, '2020-12-18 00:00:00', 'CO', 'admin@gmail.com', 1, 'Gandia'),
(51, 38.864988, -0.175627, '2020-12-13 00:00:00', 'SO2', 'admin@gmail.com', 1, 'Gandia'),
(69, 38.864988, -0.150478, '2020-12-18 00:00:00', 'O3', 'admin@gmail.com', 1, 'Gandia'),
(51, 38.864991, -0.150679, '2020-12-17 00:00:00', 'CO', 'admin@gmail.com', 1, 'Gandia'),
(63, 38.865003, -0.145529, '2020-12-16 00:00:00', 'O3', 'admin@gmail.com', 1, 'Gandia'),
(73, 38.865006, -0.135488, '2020-12-17 00:00:00', 'SO2', 'admin@gmail.com', 1, 'Gandia'),
(55, 38.865012, -0.180514, '0000-00-00 00:00:00', 'SO2', 'admin@gmail.com', 1, 'Gandia'),
(72, 38.865018, -0.160488, '2020-12-16 00:00:00', 'O3', 'admin@gmail.com', 1, 'Gandia'),
(30, 38.865022, -0.185383, '2020-12-18 00:00:00', 'SO2', 'admin@gmail.com', 1, 'Gandia'),
(42, 38.865024, -0.165556, '2020-12-16 00:00:00', 'SO2', 'admin@gmail.com', 1, 'Gandia'),
(43, 38.865029, -0.165558, '2020-12-18 00:00:00', 'NO2', 'admin@gmail.com', 1, 'Gandia'),
(34, 38.865056, -0.215323, '2020-12-17 00:00:00', 'CO', 'admin@gmail.com', 1, 'Gandia'),
(36, 38.865061, -0.095588, '2020-12-16 00:00:00', 'SO2', 'admin@gmail.com', 1, 'Gandia'),
(22, 38.865064, -0.225512, '2020-12-15 20:11:43', 'O3', 'admin@gmail.com', 1, 'Gandia'),
(44, 38.865068, -0.190672, '0000-00-00 00:00:00', 'SO2', 'admin@gmail.com', 1, 'Gandia'),
(69, 38.865075, -0.145575, '2020-12-18 00:00:00', 'NO2', 'admin@gmail.com', 1, 'Gandia'),
(55, 38.865077, -0.140609, '2020-12-18 00:00:00', 'CO', 'admin@gmail.com', 1, 'Gandia'),
(38, 38.86508, -0.135525, '2020-12-18 00:00:00', 'SO2', 'admin@gmail.com', 1, 'Gandia'),
(34, 38.865099, -0.135558, '2020-12-17 00:00:00', 'SO2', 'admin@gmail.com', 1, 'Gandia'),
(61, 38.8651, -0.170529, '2020-12-17 00:00:00', 'O3', 'admin@gmail.com', 1, 'Gandia'),
(98, 38.865117, -0.200705, '2020-12-13 00:00:00', 'SO2', 'admin@gmail.com', 1, 'Gandia'),
(55, 38.865166, -0.155558, '2020-12-18 00:00:00', 'SO2', 'admin@gmail.com', 1, 'Gandia'),
(49, 38.865249, -0.170585, '2020-12-18 00:00:00', 'NO2', 'admin@gmail.com', 1, 'Gandia'),
(53, 38.865258, -0.205646, '2020-12-18 00:00:00', 'NO2', 'admin@gmail.com', 1, 'Gandia'),
(50, 38.865372, -0.200701, '2020-12-17 00:00:00', 'CO', 'admin@gmail.com', 1, 'Gandia'),
(42, 38.874853, -0.180381, '2020-12-18 00:00:00', 'O3', 'admin@gmail.com', 1, 'Gandia'),
(56, 38.874873, -0.180423, '0000-00-00 00:00:00', 'SO2', 'admin@gmail.com', 1, 'Gandia'),
(49, 38.874891, -0.165467, '2020-12-17 00:00:00', 'NO2', 'admin@gmail.com', 1, 'Gandia'),
(71, 38.874895, -0.195602, '2020-12-16 00:00:00', 'SO2', 'admin@gmail.com', 1, 'Gandia'),
(56, 38.874902, -0.190343, '2020-12-18 00:00:00', 'O3', 'admin@gmail.com', 1, 'Gandia'),
(61, 38.87491, -0.190588, '2020-12-18 00:00:00', 'CO', 'admin@gmail.com', 1, 'Gandia'),
(37, 38.874919, -0.150544, '2020-12-17 00:00:00', 'CO', 'admin@gmail.com', 1, 'Gandia'),
(52, 38.874923, -0.130464, '2020-12-18 00:00:00', 'O3', 'admin@gmail.com', 1, 'Gandia'),
(69, 38.874936, -0.140499, '2020-12-18 00:00:00', 'NO2', 'admin@gmail.com', 1, 'Gandia'),
(49, 38.874948, -0.200464, '2020-12-18 00:00:00', 'SO2', 'admin@gmail.com', 1, 'Gandia'),
(64, 38.874955, -0.195581, '2020-12-18 00:00:00', 'NO2', 'admin@gmail.com', 1, 'Gandia'),
(14, 38.874956, -0.190435, '2020-12-18 00:00:00', 'CO', 'admin@gmail.com', 1, 'Gandia'),
(52, 38.874963, -0.120519, '2020-12-16 00:00:00', 'SO2', 'admin@gmail.com', 1, 'Gandia'),
(70, 38.874975, -0.165484, '2020-12-17 00:00:00', 'SO2', 'admin@gmail.com', 1, 'Gandia'),
(60, 38.874977, -0.210524, '2020-12-18 00:00:00', 'CO', 'admin@gmail.com', 1, 'Gandia'),
(25, 38.874985, -0.130558, '2020-12-17 00:00:00', 'NO2', 'admin@gmail.com', 1, 'Gandia'),
(54, 38.874987, -0.09543, '2020-12-13 00:00:00', 'SO2', 'admin@gmail.com', 1, 'Gandia'),
(15, 38.874998, -0.175473, '2020-12-16 00:00:00', 'SO2', 'admin@gmail.com', 1, 'Gandia'),
(78, 38.874998, -0.150511, '2020-12-15 20:11:44', 'O3', 'admin@gmail.com', 1, 'Gandia'),
(50, 38.875007, -0.190516, '2020-12-17 00:00:00', 'O3', 'admin@gmail.com', 1, 'Gandia'),
(22, 38.87501, -0.195598, '2020-12-16 00:00:00', 'SO2', 'admin@gmail.com', 1, 'Gandia'),
(44, 38.875014, -0.255483, '2020-12-17 00:00:00', 'SO2', 'admin@gmail.com', 1, 'Gandia'),
(54, 38.875036, -0.195472, '2020-12-13 00:00:00', 'SO2', 'admin@gmail.com', 1, 'Gandia'),
(64, 38.875038, -0.210422, '2020-12-17 00:00:00', 'SO2', 'admin@gmail.com', 1, 'Gandia'),
(38, 38.875038, -0.185489, '2020-12-18 00:00:00', 'SO2', 'admin@gmail.com', 1, 'Gandia'),
(36, 38.875041, -0.21541, '2020-12-17 00:00:00', 'CO', 'admin@gmail.com', 1, 'Gandia'),
(29, 38.875041, -0.120424, '2020-12-18 00:00:00', 'CO', 'admin@gmail.com', 1, 'Gandia'),
(43, 38.875043, -0.195595, '2020-12-15 20:11:43', 'O3', 'admin@gmail.com', 1, 'Gandia'),
(38, 38.875053, -0.160572, '2020-12-18 00:00:00', 'O3', 'admin@gmail.com', 1, 'Gandia'),
(81, 38.875055, -0.130721, '2020-12-18 00:00:00', 'NO2', 'admin@gmail.com', 1, 'Gandia'),
(22, 38.875068, -0.175368, '2020-12-15 20:11:43', 'O3', 'admin@gmail.com', 1, 'Gandia'),
(31, 38.875074, -0.215454, '2020-12-16 00:00:00', 'SO2', 'admin@gmail.com', 1, 'Gandia'),
(55, 38.875087, -0.170553, '2020-12-18 00:00:00', 'CO', 'admin@gmail.com', 1, 'Gandia'),
(55, 38.875099, -0.125542, '2020-12-16 00:00:00', 'O3', 'admin@gmail.com', 1, 'Gandia'),
(69, 38.875119, -0.160584, '2020-12-18 00:00:00', 'SO2', 'admin@gmail.com', 1, 'Gandia'),
(55, 38.875123, -0.130392, '2020-12-15 20:11:43', 'O3', 'admin@gmail.com', 1, 'Gandia'),
(64, 38.875156, -0.155496, '2020-12-18 00:00:00', 'NO2', 'admin@gmail.com', 1, 'Gandia'),
(74, 38.875156, -0.125341, '2020-12-18 00:00:00', 'NO2', 'admin@gmail.com', 1, 'Gandia'),
(34, 38.875173, -0.190437, '2020-12-16 00:00:00', 'SO2', 'admin@gmail.com', 1, 'Gandia'),
(60, 38.87518, -0.180544, '2020-12-18 00:00:00', 'SO2', 'admin@gmail.com', 1, 'Gandia'),
(50, 38.884765, -0.155381, '2020-12-17 00:00:00', 'SO2', 'admin@gmail.com', 1, 'Gandia'),
(86, 38.884832, -0.180614, '2020-12-17 00:00:00', 'O3', 'admin@gmail.com', 1, 'Gandia'),
(56, 38.884836, -0.135349, '2020-12-16 00:00:00', 'SO2', 'admin@gmail.com', 1, 'Gandia'),
(73, 38.884845, -0.125481, '2020-12-15 20:11:43', 'O3', 'admin@gmail.com', 1, 'Gandia'),
(58, 38.884855, -0.120555, '2020-12-18 00:00:00', 'O3', 'admin@gmail.com', 1, 'Gandia'),
(79, 38.884867, -0.185448, '0000-00-00 00:00:00', 'SO2', 'admin@gmail.com', 1, 'Gandia'),
(52, 38.884872, -0.150469, '2020-12-18 00:00:00', 'SO2', 'admin@gmail.com', 1, 'Gandia'),
(44, 38.884893, -0.195484, '2020-12-13 00:00:00', 'SO2', 'admin@gmail.com', 1, 'Gandia'),
(28, 38.884893, -0.150556, '2020-12-18 00:00:00', 'CO', 'admin@gmail.com', 1, 'Gandia'),
(40, 38.884906, -0.140418, '2020-12-16 00:00:00', 'SO2', 'admin@gmail.com', 1, 'Gandia'),
(10, 38.884915, -0.175688, '2020-12-17 00:00:00', 'O3', 'admin@gmail.com', 1, 'Gandia'),
(49, 38.88492, -0.140533, '2020-12-18 00:00:00', 'O3', 'admin@gmail.com', 1, 'Gandia'),
(55, 38.884921, -0.200596, '2020-12-18 00:00:00', 'O3', 'admin@gmail.com', 1, 'Gandia'),
(54, 38.884931, -0.200414, '2020-12-18 00:00:00', 'O3', 'admin@gmail.com', 1, 'Gandia'),
(45, 38.884938, -0.120466, '2020-12-15 20:11:43', 'O3', 'admin@gmail.com', 1, 'Gandia'),
(50, 38.884943, -0.175503, '2020-12-17 00:00:00', 'SO2', 'admin@gmail.com', 1, 'Gandia'),
(96, 38.884949, -0.185445, '2020-12-17 00:00:00', 'O3', 'admin@gmail.com', 1, 'Gandia'),
(38, 38.884952, -0.165555, '2020-12-17 00:00:00', 'NO2', 'admin@gmail.com', 1, 'Gandia'),
(79, 38.88496, -0.165505, '2020-12-17 00:00:00', 'O3', 'admin@gmail.com', 1, 'Gandia'),
(69, 38.884965, -0.185649, '2020-12-17 00:00:00', 'CO', 'admin@gmail.com', 1, 'Gandia'),
(66, 38.884966, -0.140415, '2020-12-18 00:00:00', 'SO2', 'admin@gmail.com', 1, 'Gandia'),
(38, 38.884973, -0.170498, '2020-12-17 00:00:00', 'SO2', 'admin@gmail.com', 1, 'Gandia'),
(34, 38.884991, -0.145595, '2020-12-17 00:00:00', 'O3', 'admin@gmail.com', 1, 'Gandia'),
(36, 38.884993, -0.150439, '2020-12-15 20:11:44', 'O3', 'admin@gmail.com', 1, 'Gandia'),
(36, 38.884995, -0.160504, '2020-12-15 20:11:44', 'O3', 'admin@gmail.com', 1, 'Gandia'),
(97, 38.884998, -0.095403, '2020-12-17 00:00:00', 'O3', 'admin@gmail.com', 1, 'Gandia'),
(62, 38.885005, -0.190663, '2020-12-16 00:00:00', 'SO2', 'admin@gmail.com', 1, 'Gandia'),
(57, 38.885008, -0.150471, '2020-12-17 00:00:00', 'O3', 'admin@gmail.com', 1, 'Gandia'),
(69, 38.885024, -0.150385, '2020-12-15 20:11:44', 'O3', 'admin@gmail.com', 1, 'Gandia'),
(79, 38.885027, -0.175325, '0000-00-00 00:00:00', 'SO2', 'admin@gmail.com', 1, 'Gandia'),
(74, 38.885029, -0.215599, '2020-12-17 00:00:00', 'CO', 'admin@gmail.com', 1, 'Gandia'),
(26, 38.885041, -0.155602, '2020-12-13 00:00:00', 'SO2', 'admin@gmail.com', 1, 'Gandia'),
(36, 38.885054, -0.205546, '2020-12-18 00:00:00', 'SO2', 'admin@gmail.com', 1, 'Gandia'),
(57, 38.885056, -0.165346, '2020-12-16 00:00:00', 'SO2', 'admin@gmail.com', 1, 'Gandia'),
(91, 38.885062, -0.165493, '2020-12-18 00:00:00', 'CO', 'admin@gmail.com', 1, 'Gandia'),
(50, 38.885064, -0.180509, '2020-12-17 00:00:00', 'SO2', 'admin@gmail.com', 1, 'Gandia'),
(68, 38.885091, -0.190589, '2020-12-18 00:00:00', 'SO2', 'admin@gmail.com', 1, 'Gandia'),
(75, 38.885097, -0.205376, '2020-12-15 20:11:43', 'O3', 'admin@gmail.com', 1, 'Gandia'),
(84, 38.885099, -0.165504, '2020-12-18 00:00:00', 'SO2', 'admin@gmail.com', 1, 'Gandia'),
(35, 38.885114, -0.17045, '2020-12-18 00:00:00', 'CO', 'admin@gmail.com', 1, 'Gandia'),
(31, 38.885122, -0.165469, '2020-12-18 00:00:00', 'NO2', 'admin@gmail.com', 1, 'Gandia'),
(61, 38.885133, -0.200598, '2020-12-16 00:00:00', 'SO2', 'admin@gmail.com', 1, 'Gandia'),
(67, 38.885165, -0.125566, '2020-12-17 00:00:00', 'SO2', 'admin@gmail.com', 1, 'Gandia'),
(55, 38.885242, -0.185584, '2020-12-16 00:00:00', 'SO2', 'admin@gmail.com', 1, 'Gandia'),
(29, 38.885299, -0.200634, '0000-00-00 00:00:00', 'SO2', 'admin@gmail.com', 1, 'Gandia'),
(36, 38.894616, -0.170486, '2020-12-18 00:00:00', 'O3', 'admin@gmail.com', 1, 'Gandia'),
(69, 38.894731, -0.125547, '2020-12-18 00:00:00', 'O3', 'admin@gmail.com', 1, 'Gandia'),
(52, 38.894745, -0.215364, '2020-12-17 00:00:00', 'CO', 'admin@gmail.com', 1, 'Gandia'),
(38, 38.894773, -0.175419, '2020-12-16 00:00:00', 'SO2', 'admin@gmail.com', 1, 'Gandia'),
(12, 38.894849, -0.195427, '2020-12-17 00:00:00', 'NO2', 'admin@gmail.com', 1, 'Gandia'),
(87, 38.894879, -0.180514, '2020-12-13 00:00:00', 'SO2', 'admin@gmail.com', 1, 'Gandia'),
(70, 38.894884, -0.14055, '2020-12-15 20:11:44', 'O3', 'admin@gmail.com', 1, 'Gandia'),
(35, 38.894895, -0.160507, '2020-12-16 00:00:00', 'SO2', 'admin@gmail.com', 1, 'Gandia'),
(59, 38.894902, -0.200421, '2020-12-17 00:00:00', 'CO', 'admin@gmail.com', 1, 'Gandia'),
(79, 38.894923, -0.205409, '2020-12-15 20:11:44', 'O3', 'admin@gmail.com', 1, 'Gandia'),
(62, 38.894925, -0.205552, '2020-12-15 20:11:43', 'O3', 'admin@gmail.com', 1, 'Gandia'),
(51, 38.894928, -0.200584, '0000-00-00 00:00:00', 'SO2', 'admin@gmail.com', 1, 'Gandia'),
(61, 38.894934, -0.155491, '2020-12-17 00:00:00', 'CO', 'admin@gmail.com', 1, 'Gandia'),
(61, 38.894935, -0.095359, '2020-12-17 00:00:00', 'CO', 'admin@gmail.com', 1, 'Gandia'),
(34, 38.894948, -0.165563, '2020-12-16 00:00:00', 'O3', 'admin@gmail.com', 1, 'Gandia'),
(68, 38.894964, -0.150679, '2020-12-13 00:00:00', 'SO2', 'admin@gmail.com', 1, 'Gandia'),
(35, 38.894979, -0.165562, '2020-12-15 20:11:44', 'O3', 'admin@gmail.com', 1, 'Gandia'),
(92, 38.89498, -0.195479, '2020-12-18 00:00:00', 'O3', 'admin@gmail.com', 1, 'Gandia'),
(41, 38.894985, -0.195405, '2020-12-17 00:00:00', 'SO2', 'admin@gmail.com', 1, 'Gandia'),
(80, 38.894991, -0.170426, '2020-12-16 00:00:00', 'O3', 'admin@gmail.com', 1, 'Gandia'),
(55, 38.894993, -0.125476, '0000-00-00 00:00:00', 'SO2', 'admin@gmail.com', 1, 'Gandia'),
(28, 38.894997, -0.175438, '2020-12-18 00:00:00', 'O3', 'admin@gmail.com', 1, 'Gandia'),
(42, 38.894998, -0.165681, '2020-12-18 00:00:00', 'NO2', 'admin@gmail.com', 1, 'Gandia'),
(44, 38.895007, -0.175617, '2020-12-16 00:00:00', 'SO2', 'admin@gmail.com', 1, 'Gandia'),
(48, 38.895007, -0.16054, '2020-12-17 00:00:00', 'SO2', 'admin@gmail.com', 1, 'Gandia'),
(29, 38.895009, -0.160567, '2020-12-16 00:00:00', 'SO2', 'admin@gmail.com', 1, 'Gandia'),
(64, 38.89501, -0.155507, '2020-12-16 00:00:00', 'SO2', 'admin@gmail.com', 1, 'Gandia'),
(56, 38.895011, -0.170686, '2020-12-17 00:00:00', 'CO', 'admin@gmail.com', 1, 'Gandia'),
(32, 38.895016, -0.18572, '2020-12-17 00:00:00', 'NO2', 'admin@gmail.com', 1, 'Gandia'),
(68, 38.895016, -0.130592, '2020-12-17 00:00:00', 'O3', 'admin@gmail.com', 1, 'Gandia'),
(46, 38.895038, -0.145504, '2020-12-17 00:00:00', 'O3', 'admin@gmail.com', 1, 'Gandia'),
(68, 38.895041, -0.130348, '2020-12-16 00:00:00', 'SO2', 'admin@gmail.com', 1, 'Gandia'),
(39, 38.895042, -0.175548, '2020-12-17 00:00:00', 'CO', 'admin@gmail.com', 1, 'Gandia'),
(45, 38.895046, -0.155517, '2020-12-17 00:00:00', 'SO2', 'admin@gmail.com', 1, 'Gandia'),
(68, 38.895061, -0.19031, '2020-12-18 00:00:00', 'SO2', 'admin@gmail.com', 1, 'Gandia'),
(39, 38.895071, -0.215291, '2020-12-18 00:00:00', 'SO2', 'admin@gmail.com', 1, 'Gandia'),
(63, 38.895075, -0.150534, '2020-12-17 00:00:00', 'SO2', 'admin@gmail.com', 1, 'Gandia'),
(52, 38.895086, -0.175399, '2020-12-16 00:00:00', 'SO2', 'admin@gmail.com', 1, 'Gandia'),
(68, 38.895092, -0.255618, '2020-12-13 00:00:00', 'SO2', 'admin@gmail.com', 1, 'Gandia'),
(34, 38.895112, -0.200465, '2020-12-15 20:11:43', 'O3', 'admin@gmail.com', 1, 'Gandia'),
(74, 38.895124, -0.130494, '2020-12-18 00:00:00', 'CO', 'admin@gmail.com', 1, 'Gandia'),
(55, 38.89513, -0.200366, '2020-12-18 00:00:00', 'O3', 'admin@gmail.com', 1, 'Gandia'),
(51, 38.895146, -0.195502, '2020-12-18 00:00:00', 'NO2', 'admin@gmail.com', 1, 'Gandia'),
(26, 38.895149, -0.185609, '2020-12-17 00:00:00', 'SO2', 'admin@gmail.com', 1, 'Gandia'),
(60, 38.895163, -0.160488, '2020-12-17 00:00:00', 'CO', 'admin@gmail.com', 1, 'Gandia'),
(42, 38.895163, -0.135612, '2020-12-16 00:00:00', 'SO2', 'admin@gmail.com', 1, 'Gandia'),
(56, 38.8952, -0.23041, '0000-00-00 00:00:00', 'SO2', 'admin@gmail.com', 1, 'Gandia'),
(30, 38.895226, -0.195583, '2020-12-17 00:00:00', 'O3', 'admin@gmail.com', 1, 'Gandia'),
(58, 38.904856, -0.225483, '2020-12-18 00:00:00', 'CO', 'admin@gmail.com', 1, 'Gandia'),
(60, 38.904871, -0.1504, '2020-12-17 00:00:00', 'O3', 'admin@gmail.com', 1, 'Gandia'),
(54, 38.904872, -0.155429, '2020-12-18 00:00:00', 'NO2', 'admin@gmail.com', 1, 'Gandia'),
(40, 38.904874, -0.185456, '2020-12-17 00:00:00', 'O3', 'admin@gmail.com', 1, 'Gandia'),
(99, 38.904889, -0.220564, '2020-12-18 00:00:00', 'SO2', 'admin@gmail.com', 1, 'Gandia'),
(52, 38.904892, -0.155651, '2020-12-17 00:00:00', 'SO2', 'admin@gmail.com', 1, 'Gandia'),
(67, 38.904904, -0.140482, '2020-12-18 00:00:00', 'SO2', 'admin@gmail.com', 1, 'Gandia'),
(48, 38.904905, -0.180392, '0000-00-00 00:00:00', 'SO2', 'admin@gmail.com', 1, 'Gandia'),
(62, 38.90491, -0.175407, '2020-12-16 00:00:00', 'O3', 'admin@gmail.com', 1, 'Gandia'),
(53, 38.904937, -0.155467, '2020-12-18 00:00:00', 'O3', 'admin@gmail.com', 1, 'Gandia'),
(72, 38.904941, -0.165557, '2020-12-18 00:00:00', 'SO2', 'admin@gmail.com', 1, 'Gandia'),
(75, 38.90495, -0.240385, '2020-12-18 00:00:00', 'SO2', 'admin@gmail.com', 1, 'Gandia'),
(52, 38.904962, -0.175509, '2020-12-17 00:00:00', 'CO', 'admin@gmail.com', 1, 'Gandia'),
(47, 38.904968, -0.170305, '2020-12-18 00:00:00', 'SO2', 'admin@gmail.com', 1, 'Gandia'),
(30, 38.904976, -0.175468, '2020-12-17 00:00:00', 'SO2', 'admin@gmail.com', 1, 'Gandia'),
(53, 38.904981, -0.165419, '2020-12-18 00:00:00', 'O3', 'admin@gmail.com', 1, 'Gandia'),
(93, 38.904983, -0.170497, '2020-12-16 00:00:00', 'SO2', 'admin@gmail.com', 1, 'Gandia'),
(50, 38.904984, -0.200376, '2020-12-18 00:00:00', 'SO2', 'admin@gmail.com', 1, 'Gandia'),
(69, 38.904985, -0.195762, '2020-12-18 00:00:00', 'NO2', 'admin@gmail.com', 1, 'Gandia'),
(14, 38.904985, -0.195544, '2020-12-18 00:00:00', 'O3', 'admin@gmail.com', 1, 'Gandia'),
(55, 38.904986, -0.170491, '2020-12-18 00:00:00', 'CO', 'admin@gmail.com', 1, 'Gandia'),
(26, 38.90499, -0.205442, '2020-12-18 00:00:00', 'NO2', 'admin@gmail.com', 1, 'Gandia'),
(81, 38.904998, -0.170442, '2020-12-17 00:00:00', 'NO2', 'admin@gmail.com', 1, 'Gandia'),
(98, 38.905, -0.175371, '2020-12-17 00:00:00', 'CO', 'admin@gmail.com', 1, 'Gandia'),
(74, 38.905003, -0.185601, '0000-00-00 00:00:00', 'SO2', 'admin@gmail.com', 1, 'Gandia'),
(53, 38.905013, -0.180459, '2020-12-18 00:00:00', 'SO2', 'admin@gmail.com', 1, 'Gandia'),
(30, 38.905018, -0.155376, '2020-12-18 00:00:00', 'NO2', 'admin@gmail.com', 1, 'Gandia'),
(28, 38.905025, -0.225374, '2020-12-16 00:00:00', 'SO2', 'admin@gmail.com', 1, 'Gandia'),
(58, 38.905027, -0.12049, '2020-12-18 00:00:00', 'NO2', 'admin@gmail.com', 1, 'Gandia'),
(63, 38.905034, -0.125584, '2020-12-17 00:00:00', 'SO2', 'admin@gmail.com', 1, 'Gandia'),
(53, 38.905036, -0.150384, '2020-12-18 00:00:00', 'CO', 'admin@gmail.com', 1, 'Gandia'),
(61, 38.905042, -0.200528, '2020-12-13 00:00:00', 'SO2', 'admin@gmail.com', 1, 'Gandia'),
(40, 38.905044, -0.190602, '2020-12-18 00:00:00', 'NO2', 'admin@gmail.com', 1, 'Gandia'),
(53, 38.905044, -0.145466, '2020-12-16 00:00:00', 'SO2', 'admin@gmail.com', 1, 'Gandia'),
(65, 38.905048, -0.180493, '2020-12-18 00:00:00', 'NO2', 'admin@gmail.com', 1, 'Gandia'),
(64, 38.905052, -0.160615, '2020-12-18 00:00:00', 'SO2', 'admin@gmail.com', 1, 'Gandia'),
(75, 38.905071, -0.215575, '2020-12-18 00:00:00', 'SO2', 'admin@gmail.com', 1, 'Gandia'),
(32, 38.905079, -0.15544, '2020-12-17 00:00:00', 'O3', 'admin@gmail.com', 1, 'Gandia'),
(36, 38.90509, -0.15558, '2020-12-17 00:00:00', 'NO2', 'admin@gmail.com', 1, 'Gandia'),
(53, 38.905097, -0.155374, '2020-12-15 20:11:44', 'O3', 'admin@gmail.com', 1, 'Gandia'),
(17, 38.905106, -0.095435, '2020-12-17 00:00:00', 'SO2', 'admin@gmail.com', 1, 'Gandia'),
(29, 38.90511, -0.200544, '0000-00-00 00:00:00', 'SO2', 'admin@gmail.com', 1, 'Gandia'),
(25, 38.905112, -0.195667, '2020-12-18 00:00:00', 'CO', 'admin@gmail.com', 1, 'Gandia'),
(39, 38.905132, -0.160347, '2020-12-16 00:00:00', 'O3', 'admin@gmail.com', 1, 'Gandia'),
(73, 38.905168, -0.180461, '2020-12-16 00:00:00', 'SO2', 'admin@gmail.com', 1, 'Gandia'),
(21, 38.90519, -0.165329, '2020-12-18 00:00:00', 'CO', 'admin@gmail.com', 1, 'Gandia'),
(41, 38.905254, -0.195607, '2020-12-18 00:00:00', 'O3', 'admin@gmail.com', 1, 'Gandia'),
(42, 38.914804, -0.145473, '2020-12-16 00:00:00', 'O3', 'admin@gmail.com', 1, 'Gandia'),
(40, 38.914834, -0.115501, '2020-12-16 00:00:00', 'SO2', 'admin@gmail.com', 1, 'Gandia'),
(78, 38.914838, -0.185323, '2020-12-16 00:00:00', 'SO2', 'admin@gmail.com', 1, 'Gandia'),
(66, 38.914851, -0.220475, '2020-12-18 00:00:00', 'SO2', 'admin@gmail.com', 1, 'Gandia'),
(82, 38.914858, -0.155262, '2020-12-16 00:00:00', 'SO2', 'admin@gmail.com', 1, 'Gandia'),
(39, 38.914885, -0.165442, '2020-12-18 00:00:00', 'CO', 'admin@gmail.com', 1, 'Gandia'),
(59, 38.91491, -0.190647, '2020-12-17 00:00:00', 'NO2', 'admin@gmail.com', 1, 'Gandia'),
(36, 38.914913, -0.165508, '2020-12-17 00:00:00', 'NO2', 'admin@gmail.com', 1, 'Gandia'),
(73, 38.914914, -0.165636, '0000-00-00 00:00:00', 'SO2', 'admin@gmail.com', 1, 'Gandia'),
(41, 38.914933, -0.165408, '0000-00-00 00:00:00', 'SO2', 'admin@gmail.com', 1, 'Gandia'),
(68, 38.914935, -0.225524, '2020-12-18 00:00:00', 'O3', 'admin@gmail.com', 1, 'Gandia'),
(35, 38.914936, -0.160375, '2020-12-18 00:00:00', 'O3', 'admin@gmail.com', 1, 'Gandia'),
(67, 38.914939, -0.135314, '2020-12-18 00:00:00', 'CO', 'admin@gmail.com', 1, 'Gandia'),
(71, 38.914948, -0.180573, '2020-12-13 00:00:00', 'SO2', 'admin@gmail.com', 1, 'Gandia'),
(79, 38.914948, -0.150565, '2020-12-16 00:00:00', 'SO2', 'admin@gmail.com', 1, 'Gandia'),
(92, 38.914949, -0.185583, '2020-12-17 00:00:00', 'O3', 'admin@gmail.com', 1, 'Gandia'),
(51, 38.914949, -0.17528, '2020-12-18 00:00:00', 'CO', 'admin@gmail.com', 1, 'Gandia'),
(51, 38.914959, -0.160516, '2020-12-17 00:00:00', 'CO', 'admin@gmail.com', 1, 'Gandia'),
(45, 38.914962, -0.170487, '2020-12-17 00:00:00', 'SO2', 'admin@gmail.com', 1, 'Gandia'),
(46, 38.914963, -0.170444, '2020-12-18 00:00:00', 'O3', 'admin@gmail.com', 1, 'Gandia'),
(57, 38.914965, -0.200591, '2020-12-13 00:00:00', 'SO2', 'admin@gmail.com', 1, 'Gandia'),
(65, 38.914965, -0.185584, '2020-12-17 00:00:00', 'NO2', 'admin@gmail.com', 1, 'Gandia'),
(62, 38.914966, -0.175512, '2020-12-18 00:00:00', 'CO', 'admin@gmail.com', 1, 'Gandia'),
(54, 38.914966, -0.145582, '2020-12-17 00:00:00', 'SO2', 'admin@gmail.com', 1, 'Gandia'),
(60, 38.914971, -0.18551, '2020-12-17 00:00:00', 'SO2', 'admin@gmail.com', 1, 'Gandia'),
(59, 38.914974, -0.12053, '2020-12-18 00:00:00', 'SO2', 'admin@gmail.com', 1, 'Gandia'),
(32, 38.914983, -0.160419, '2020-12-17 00:00:00', 'O3', 'admin@gmail.com', 1, 'Gandia'),
(35, 38.914985, -0.13042, '2020-12-17 00:00:00', 'SO2', 'admin@gmail.com', 1, 'Gandia'),
(89, 38.914996, -0.180492, '2020-12-16 00:00:00', 'O3', 'admin@gmail.com', 1, 'Gandia'),
(62, 38.914998, -0.17035, '2020-12-17 00:00:00', 'NO2', 'admin@gmail.com', 1, 'Gandia'),
(14, 38.915003, -0.185545, '2020-12-18 00:00:00', 'O3', 'admin@gmail.com', 1, 'Gandia'),
(77, 38.915008, -0.155553, '2020-12-18 00:00:00', 'SO2', 'admin@gmail.com', 1, 'Gandia'),
(46, 38.915031, -0.150473, '2020-12-17 00:00:00', 'SO2', 'admin@gmail.com', 1, 'Gandia'),
(22, 38.915051, -0.210446, '2020-12-17 00:00:00', 'CO', 'admin@gmail.com', 1, 'Gandia'),
(50, 38.915054, -0.160786, '2020-12-16 00:00:00', 'SO2', 'admin@gmail.com', 1, 'Gandia'),
(50, 38.915056, -0.190393, '2020-12-18 00:00:00', 'SO2', 'admin@gmail.com', 1, 'Gandia'),
(38, 38.915057, -0.140304, '2020-12-18 00:00:00', 'SO2', 'admin@gmail.com', 1, 'Gandia'),
(91, 38.915062, -0.240266, '2020-12-18 00:00:00', 'NO2', 'admin@gmail.com', 1, 'Gandia'),
(51, 38.915066, -0.185336, '2020-12-16 00:00:00', 'SO2', 'admin@gmail.com', 1, 'Gandia'),
(54, 38.915066, -0.165465, '2020-12-18 00:00:00', 'NO2', 'admin@gmail.com', 1, 'Gandia'),
(60, 38.915067, -0.140377, '2020-12-17 00:00:00', 'NO2', 'admin@gmail.com', 1, 'Gandia'),
(59, 38.915068, -0.180567, '2020-12-17 00:00:00', 'NO2', 'admin@gmail.com', 1, 'Gandia'),
(75, 38.915083, -0.150252, '2020-12-15 20:11:43', 'O3', 'admin@gmail.com', 1, 'Gandia'),
(57, 38.915098, -0.160541, '2020-12-17 00:00:00', 'SO2', 'admin@gmail.com', 1, 'Gandia'),
(35, 38.915099, -0.15052, '2020-12-15 20:11:43', 'O3', 'admin@gmail.com', 1, 'Gandia'),
(30, 38.915099, -0.145387, '2020-12-17 00:00:00', 'NO2', 'admin@gmail.com', 1, 'Gandia'),
(59, 38.9151, -0.145428, '2020-12-17 00:00:00', 'O3', 'admin@gmail.com', 1, 'Gandia'),
(29, 38.915101, -0.115343, '2020-12-16 00:00:00', 'O3', 'admin@gmail.com', 1, 'Gandia'),
(63, 38.915102, -0.225497, '0000-00-00 00:00:00', 'SO2', 'admin@gmail.com', 1, 'Gandia'),
(15, 38.915126, -0.195574, '2020-12-18 00:00:00', 'NO2', 'admin@gmail.com', 1, 'Gandia'),
(49, 38.915136, -0.165502, '2020-12-16 00:00:00', 'O3', 'admin@gmail.com', 1, 'Gandia'),
(31, 38.915148, -0.210329, '2020-12-17 00:00:00', 'SO2', 'admin@gmail.com', 1, 'Gandia'),
(86, 38.915163, -0.125677, '2020-12-18 00:00:00', 'NO2', 'admin@gmail.com', 1, 'Gandia'),
(37, 38.915174, -0.160603, '2020-12-18 00:00:00', 'SO2', 'admin@gmail.com', 1, 'Gandia'),
(46, 38.915178, -0.150477, '2020-12-17 00:00:00', 'NO2', 'admin@gmail.com', 1, 'Gandia'),
(51, 38.915195, -0.165505, '2020-12-17 00:00:00', 'CO', 'admin@gmail.com', 1, 'Gandia'),
(37, 38.915234, -0.135451, '2020-12-17 00:00:00', 'SO2', 'admin@gmail.com', 1, 'Gandia'),
(34, 38.924809, -0.185356, '0000-00-00 00:00:00', 'SO2', 'admin@gmail.com', 1, 'Gandia'),
(76, 38.924819, -0.190571, '2020-12-17 00:00:00', 'O3', 'admin@gmail.com', 1, 'Gandia'),
(59, 38.92482, -0.130655, '2020-12-17 00:00:00', 'CO', 'admin@gmail.com', 1, 'Gandia'),
(60, 38.924854, -0.220495, '2020-12-17 00:00:00', 'SO2', 'admin@gmail.com', 1, 'Gandia'),
(49, 38.924855, -0.17055, '2020-12-18 00:00:00', 'NO2', 'admin@gmail.com', 1, 'Gandia'),
(41, 38.924862, -0.155441, '0000-00-00 00:00:00', 'SO2', 'admin@gmail.com', 1, 'Gandia'),
(48, 38.924876, -0.150654, '2020-12-18 00:00:00', 'NO2', 'admin@gmail.com', 1, 'Gandia'),
(73, 38.924902, -0.140544, '2020-12-17 00:00:00', 'O3', 'admin@gmail.com', 1, 'Gandia'),
(62, 38.924905, -0.12534, '2020-12-18 00:00:00', 'NO2', 'admin@gmail.com', 1, 'Gandia'),
(39, 38.924907, -0.125586, '2020-12-16 00:00:00', 'SO2', 'admin@gmail.com', 1, 'Gandia'),
(31, 38.92491, -0.205522, '2020-12-18 00:00:00', 'SO2', 'admin@gmail.com', 1, 'Gandia'),
(36, 38.924913, -0.240558, '2020-12-13 00:00:00', 'SO2', 'admin@gmail.com', 1, 'Gandia'),
(72, 38.924916, -0.220557, '2020-12-17 00:00:00', 'CO', 'admin@gmail.com', 1, 'Gandia'),
(54, 38.924919, -0.140505, '2020-12-16 00:00:00', 'SO2', 'admin@gmail.com', 1, 'Gandia'),
(42, 38.924925, -0.205416, '2020-12-13 00:00:00', 'SO2', 'admin@gmail.com', 1, 'Gandia'),
(74, 38.924927, -0.165623, '2020-12-17 00:00:00', 'NO2', 'admin@gmail.com', 1, 'Gandia'),
(92, 38.92493, -0.180327, '2020-12-16 00:00:00', 'O3', 'admin@gmail.com', 1, 'Gandia'),
(87, 38.92494, -0.110373, '2020-12-18 00:00:00', 'SO2', 'admin@gmail.com', 1, 'Gandia'),
(51, 38.924964, -0.205367, '2020-12-17 00:00:00', 'NO2', 'admin@gmail.com', 1, 'Gandia'),
(44, 38.924978, -0.235446, '2020-12-17 00:00:00', 'NO2', 'admin@gmail.com', 1, 'Gandia'),
(92, 38.924982, -0.18548, '2020-12-17 00:00:00', 'SO2', 'admin@gmail.com', 1, 'Gandia'),
(85, 38.924987, -0.190488, '2020-12-17 00:00:00', 'CO', 'admin@gmail.com', 1, 'Gandia'),
(31, 38.924992, -0.155643, '2020-12-18 00:00:00', 'SO2', 'admin@gmail.com', 1, 'Gandia'),
(86, 38.924995, -0.180547, '2020-12-17 00:00:00', 'NO2', 'admin@gmail.com', 1, 'Gandia'),
(65, 38.924996, -0.200467, '2020-12-17 00:00:00', 'O3', 'admin@gmail.com', 1, 'Gandia'),
(13, 38.924996, -0.165708, '2020-12-18 00:00:00', 'NO2', 'admin@gmail.com', 1, 'Gandia'),
(15, 38.925001, -0.180628, '2020-12-18 00:00:00', 'O3', 'admin@gmail.com', 1, 'Gandia'),
(53, 38.925013, -0.165545, '2020-12-17 00:00:00', 'O3', 'admin@gmail.com', 1, 'Gandia'),
(51, 38.925017, -0.155477, '2020-12-16 00:00:00', 'SO2', 'admin@gmail.com', 1, 'Gandia'),
(44, 38.925019, -0.140596, '0000-00-00 00:00:00', 'SO2', 'admin@gmail.com', 1, 'Gandia'),
(49, 38.925021, -0.160446, '2020-12-17 00:00:00', 'NO2', 'admin@gmail.com', 1, 'Gandia'),
(69, 38.925023, -0.180463, '2020-12-17 00:00:00', 'CO', 'admin@gmail.com', 1, 'Gandia'),
(60, 38.925024, -0.170569, '2020-12-16 00:00:00', 'SO2', 'admin@gmail.com', 1, 'Gandia'),
(22, 38.92504, -0.225475, '2020-12-17 00:00:00', 'SO2', 'admin@gmail.com', 1, 'Gandia'),
(61, 38.92504, -0.170462, '2020-12-18 00:00:00', 'NO2', 'admin@gmail.com', 1, 'Gandia'),
(58, 38.92504, -0.155497, '2020-12-17 00:00:00', 'O3', 'admin@gmail.com', 1, 'Gandia'),
(58, 38.92504, -0.150657, '2020-12-17 00:00:00', 'O3', 'admin@gmail.com', 1, 'Gandia'),
(48, 38.925046, -0.135374, '2020-12-17 00:00:00', 'NO2', 'admin@gmail.com', 1, 'Gandia'),
(59, 38.925061, -0.16058, '2020-12-16 00:00:00', 'SO2', 'admin@gmail.com', 1, 'Gandia'),
(49, 38.925064, -0.1456, '2020-12-17 00:00:00', 'CO', 'admin@gmail.com', 1, 'Gandia'),
(45, 38.92507, -0.18549, '2020-12-17 00:00:00', 'O3', 'admin@gmail.com', 1, 'Gandia'),
(49, 38.92507, -0.180698, '2020-12-16 00:00:00', 'SO2', 'admin@gmail.com', 1, 'Gandia'),
(50, 38.92509, -0.14056, '2020-12-16 00:00:00', 'SO2', 'admin@gmail.com', 1, 'Gandia'),
(32, 38.925091, -0.205577, '2020-12-18 00:00:00', 'NO2', 'admin@gmail.com', 1, 'Gandia'),
(58, 38.925092, -0.200539, '2020-12-17 00:00:00', 'SO2', 'admin@gmail.com', 1, 'Gandia'),
(59, 38.925094, -0.185421, '2020-12-15 20:11:44', 'O3', 'admin@gmail.com', 1, 'Gandia'),
(58, 38.925106, -0.17548, '2020-12-18 00:00:00', 'O3', 'admin@gmail.com', 1, 'Gandia'),
(61, 38.925116, -0.140412, '2020-12-18 00:00:00', 'CO', 'admin@gmail.com', 1, 'Gandia'),
(68, 38.925119, -0.115338, '2020-12-17 00:00:00', 'NO2', 'admin@gmail.com', 1, 'Gandia'),
(70, 38.925141, -0.130378, '2020-12-13 00:00:00', 'SO2', 'admin@gmail.com', 1, 'Gandia'),
(29, 38.92519, -0.250514, '2020-12-17 00:00:00', 'CO', 'admin@gmail.com', 1, 'Gandia'),
(56, 38.925206, -0.195371, '2020-12-13 00:00:00', 'SO2', 'admin@gmail.com', 1, 'Gandia'),
(47, 38.934765, -0.200506, '2020-12-18 00:00:00', 'O3', 'admin@gmail.com', 1, 'Gandia'),
(88, 38.934794, -0.195446, '2020-12-18 00:00:00', 'SO2', 'admin@gmail.com', 1, 'Gandia'),
(61, 38.934807, -0.220378, '2020-12-13 00:00:00', 'SO2', 'admin@gmail.com', 1, 'Gandia'),
(64, 38.934826, -0.180529, '2020-12-18 00:00:00', 'O3', 'admin@gmail.com', 1, 'Gandia'),
(62, 38.934828, -0.18049, '0000-00-00 00:00:00', 'SO2', 'admin@gmail.com', 1, 'Gandia'),
(48, 38.934829, -0.175325, '2020-12-17 00:00:00', 'CO', 'admin@gmail.com', 1, 'Gandia'),
(56, 38.934836, -0.170387, '0000-00-00 00:00:00', 'SO2', 'admin@gmail.com', 1, 'Gandia'),
(84, 38.934843, -0.150522, '2020-12-17 00:00:00', 'NO2', 'admin@gmail.com', 1, 'Gandia'),
(53, 38.934853, -0.185537, '0000-00-00 00:00:00', 'SO2', 'admin@gmail.com', 1, 'Gandia'),
(20, 38.934861, -0.160469, '2020-12-16 00:00:00', 'O3', 'admin@gmail.com', 1, 'Gandia'),
(42, 38.934866, -0.185389, '2020-12-17 00:00:00', 'SO2', 'admin@gmail.com', 1, 'Gandia'),
(75, 38.934876, -0.185475, '2020-12-18 00:00:00', 'NO2', 'admin@gmail.com', 1, 'Gandia'),
(62, 38.9349, -0.21556, '2020-12-13 00:00:00', 'SO2', 'admin@gmail.com', 1, 'Gandia'),
(46, 38.934904, -0.205585, '2020-12-13 00:00:00', 'SO2', 'admin@gmail.com', 1, 'Gandia'),
(67, 38.934915, -0.190402, '2020-12-18 00:00:00', 'CO', 'admin@gmail.com', 1, 'Gandia'),
(42, 38.934938, -0.205598, '2020-12-13 00:00:00', 'SO2', 'admin@gmail.com', 1, 'Gandia'),
(77, 38.934941, -0.170642, '2020-12-18 00:00:00', 'CO', 'admin@gmail.com', 1, 'Gandia'),
(78, 38.934942, -0.225446, '2020-12-17 00:00:00', 'O3', 'admin@gmail.com', 1, 'Gandia'),
(61, 38.934945, -0.220469, '2020-12-17 00:00:00', 'SO2', 'admin@gmail.com', 1, 'Gandia'),
(25, 38.934956, -0.165395, '2020-12-18 00:00:00', 'O3', 'admin@gmail.com', 1, 'Gandia'),
(33, 38.93496, -0.210539, '2020-12-16 00:00:00', 'SO2', 'admin@gmail.com', 1, 'Gandia'),
(39, 38.93497, -0.145656, '2020-12-15 20:11:43', 'O3', 'admin@gmail.com', 1, 'Gandia'),
(56, 38.934978, -0.195518, '0000-00-00 00:00:00', 'SO2', 'admin@gmail.com', 1, 'Gandia'),
(42, 38.934978, -0.18059, '2020-12-18 00:00:00', 'CO', 'admin@gmail.com', 1, 'Gandia'),
(63, 38.934978, -0.175508, '2020-12-16 00:00:00', 'SO2', 'admin@gmail.com', 1, 'Gandia'),
(48, 38.93498, -0.145605, '2020-12-15 20:11:44', 'O3', 'admin@gmail.com', 1, 'Gandia'),
(65, 38.934986, -0.095502, '2020-12-17 00:00:00', 'NO2', 'admin@gmail.com', 1, 'Gandia'),
(67, 38.934989, -0.200352, '2020-12-18 00:00:00', 'SO2', 'admin@gmail.com', 1, 'Gandia'),
(16, 38.934997, -0.140392, '2020-12-18 00:00:00', 'NO2', 'admin@gmail.com', 1, 'Gandia'),
(51, 38.934999, -0.140491, '0000-00-00 00:00:00', 'SO2', 'admin@gmail.com', 1, 'Gandia'),
(72, 38.935003, -0.160433, '2020-12-16 00:00:00', 'O3', 'admin@gmail.com', 1, 'Gandia'),
(78, 38.935006, -0.195568, '2020-12-18 00:00:00', 'CO', 'admin@gmail.com', 1, 'Gandia'),
(55, 38.935007, -0.13547, '2020-12-17 00:00:00', 'O3', 'admin@gmail.com', 1, 'Gandia'),
(57, 38.935013, -0.170519, '2020-12-16 00:00:00', 'O3', 'admin@gmail.com', 1, 'Gandia'),
(63, 38.935017, -0.180565, '2020-12-16 00:00:00', 'SO2', 'admin@gmail.com', 1, 'Gandia'),
(54, 38.935021, -0.160461, '0000-00-00 00:00:00', 'SO2', 'admin@gmail.com', 1, 'Gandia'),
(27, 38.935024, -0.1205, '2020-12-16 00:00:00', 'O3', 'admin@gmail.com', 1, 'Gandia'),
(15, 38.935025, -0.170732, '2020-12-18 00:00:00', 'O3', 'admin@gmail.com', 1, 'Gandia'),
(29, 38.935031, -0.125591, '2020-12-15 20:11:44', 'O3', 'admin@gmail.com', 1, 'Gandia'),
(75, 38.935032, -0.160439, '2020-12-18 00:00:00', 'O3', 'admin@gmail.com', 1, 'Gandia'),
(44, 38.935033, -0.135335, '2020-12-13 00:00:00', 'SO2', 'admin@gmail.com', 1, 'Gandia'),
(28, 38.935038, -0.180454, '2020-12-16 00:00:00', 'SO2', 'admin@gmail.com', 1, 'Gandia'),
(39, 38.935051, -0.095473, '2020-12-17 00:00:00', 'SO2', 'admin@gmail.com', 1, 'Gandia'),
(58, 38.935056, -0.175367, '2020-12-18 00:00:00', 'NO2', 'admin@gmail.com', 1, 'Gandia'),
(29, 38.935061, -0.240478, '2020-12-16 00:00:00', 'SO2', 'admin@gmail.com', 1, 'Gandia'),
(59, 38.935064, -0.220458, '2020-12-18 00:00:00', 'CO', 'admin@gmail.com', 1, 'Gandia'),
(67, 38.935064, -0.145464, '2020-12-15 20:11:44', 'O3', 'admin@gmail.com', 1, 'Gandia'),
(44, 38.935069, -0.160362, '2020-12-13 00:00:00', 'SO2', 'admin@gmail.com', 1, 'Gandia'),
(66, 38.935075, -0.190296, '2020-12-18 00:00:00', 'O3', 'admin@gmail.com', 1, 'Gandia'),
(33, 38.935076, -0.25034, '2020-12-17 00:00:00', 'NO2', 'admin@gmail.com', 1, 'Gandia'),
(27, 38.935117, -0.180386, '2020-12-18 00:00:00', 'CO', 'admin@gmail.com', 1, 'Gandia'),
(57, 38.935143, -0.170516, '2020-12-17 00:00:00', 'O3', 'admin@gmail.com', 1, 'Gandia'),
(65, 38.93515, -0.150436, '2020-12-17 00:00:00', 'SO2', 'admin@gmail.com', 1, 'Gandia'),
(79, 38.935195, -0.155454, '0000-00-00 00:00:00', 'SO2', 'admin@gmail.com', 1, 'Gandia'),
(41, 38.935226, -0.140662, '2020-12-17 00:00:00', 'NO2', 'admin@gmail.com', 1, 'Gandia'),
(41, 38.935233, -0.130417, '0000-00-00 00:00:00', 'SO2', 'admin@gmail.com', 1, 'Gandia'),
(62, 38.944806, -0.16553, '2020-12-15 20:11:43', 'O3', 'admin@gmail.com', 1, 'Gandia'),
(64, 38.944819, -0.190364, '2020-12-15 20:11:43', 'O3', 'admin@gmail.com', 1, 'Gandia'),
(83, 38.944823, -0.145615, '2020-12-17 00:00:00', 'O3', 'admin@gmail.com', 1, 'Gandia'),
(60, 38.944825, -0.200631, '2020-12-13 00:00:00', 'SO2', 'admin@gmail.com', 1, 'Gandia'),
(29, 38.944826, -0.12551, '0000-00-00 00:00:00', 'SO2', 'admin@gmail.com', 1, 'Gandia'),
(38, 38.944839, -0.145396, '2020-12-18 00:00:00', 'NO2', 'admin@gmail.com', 1, 'Gandia'),
(33, 38.94484, -0.155421, '2020-12-18 00:00:00', 'O3', 'admin@gmail.com', 1, 'Gandia'),
(78, 38.944844, -0.155415, '2020-12-17 00:00:00', 'CO', 'admin@gmail.com', 1, 'Gandia'),
(30, 38.944855, -0.150408, '2020-12-18 00:00:00', 'O3', 'admin@gmail.com', 1, 'Gandia'),
(45, 38.94487, -0.185511, '2020-12-18 00:00:00', 'O3', 'admin@gmail.com', 1, 'Gandia'),
(52, 38.944875, -0.150452, '2020-12-17 00:00:00', 'NO2', 'admin@gmail.com', 1, 'Gandia'),
(70, 38.944876, -0.180508, '2020-12-18 00:00:00', 'CO', 'admin@gmail.com', 1, 'Gandia'),
(62, 38.944882, -0.200597, '2020-12-18 00:00:00', 'SO2', 'admin@gmail.com', 1, 'Gandia'),
(31, 38.94489, -0.135373, '2020-12-18 00:00:00', 'SO2', 'admin@gmail.com', 1, 'Gandia'),
(35, 38.944903, -0.170431, '2020-12-17 00:00:00', 'O3', 'admin@gmail.com', 1, 'Gandia'),
(77, 38.944904, -0.110486, '2020-12-18 00:00:00', 'CO', 'admin@gmail.com', 1, 'Gandia'),
(70, 38.944905, -0.145646, '2020-12-18 00:00:00', 'SO2', 'admin@gmail.com', 1, 'Gandia'),
(65, 38.94491, -0.220463, '2020-12-18 00:00:00', 'O3', 'admin@gmail.com', 1, 'Gandia'),
(43, 38.94491, -0.185652, '2020-12-17 00:00:00', 'CO', 'admin@gmail.com', 1, 'Gandia'),
(39, 38.944918, -0.185507, '2020-12-18 00:00:00', 'SO2', 'admin@gmail.com', 1, 'Gandia'),
(24, 38.944923, -0.150517, '2020-12-18 00:00:00', 'O3', 'admin@gmail.com', 1, 'Gandia'),
(71, 38.944929, -0.120415, '2020-12-18 00:00:00', 'NO2', 'admin@gmail.com', 1, 'Gandia'),
(61, 38.944933, -0.140496, '2020-12-17 00:00:00', 'O3', 'admin@gmail.com', 1, 'Gandia'),
(57, 38.944938, -0.185436, '2020-12-18 00:00:00', 'O3', 'admin@gmail.com', 1, 'Gandia'),
(76, 38.944939, -0.140686, '2020-12-18 00:00:00', 'NO2', 'admin@gmail.com', 1, 'Gandia'),
(60, 38.94494, -0.160516, '2020-12-17 00:00:00', 'CO', 'admin@gmail.com', 1, 'Gandia'),
(56, 38.944945, -0.155549, '2020-12-17 00:00:00', 'O3', 'admin@gmail.com', 1, 'Gandia'),
(61, 38.944953, -0.230497, '2020-12-17 00:00:00', 'O3', 'admin@gmail.com', 1, 'Gandia'),
(38, 38.944958, -0.210589, '2020-12-17 00:00:00', 'O3', 'admin@gmail.com', 1, 'Gandia'),
(32, 38.944961, -0.170452, '2020-12-18 00:00:00', 'NO2', 'admin@gmail.com', 1, 'Gandia'),
(37, 38.944972, -0.185581, '2020-12-18 00:00:00', 'NO2', 'admin@gmail.com', 1, 'Gandia'),
(31, 38.944977, -0.230422, '0000-00-00 00:00:00', 'SO2', 'admin@gmail.com', 1, 'Gandia'),
(75, 38.944984, -0.160529, '0000-00-00 00:00:00', 'SO2', 'admin@gmail.com', 1, 'Gandia'),
(63, 38.944988, -0.160616, '2020-12-17 00:00:00', 'NO2', 'admin@gmail.com', 1, 'Gandia'),
(81, 38.944989, -0.180559, '2020-12-17 00:00:00', 'SO2', 'admin@gmail.com', 1, 'Gandia'),
(31, 38.944995, -0.180436, '2020-12-17 00:00:00', 'SO2', 'admin@gmail.com', 1, 'Gandia'),
(72, 38.945004, -0.250511, '2020-12-17 00:00:00', 'NO2', 'admin@gmail.com', 1, 'Gandia'),
(40, 38.945017, -0.17056, '2020-12-16 00:00:00', 'SO2', 'admin@gmail.com', 1, 'Gandia'),
(41, 38.945018, -0.175392, '2020-12-15 20:11:43', 'O3', 'admin@gmail.com', 1, 'Gandia'),
(71, 38.945022, -0.210459, '2020-12-16 00:00:00', 'SO2', 'admin@gmail.com', 1, 'Gandia'),
(46, 38.945023, -0.175459, '2020-12-18 00:00:00', 'SO2', 'admin@gmail.com', 1, 'Gandia'),
(20, 38.945023, -0.13554, '2020-12-18 00:00:00', 'CO', 'admin@gmail.com', 1, 'Gandia'),
(38, 38.945027, -0.185663, '2020-12-17 00:00:00', 'SO2', 'admin@gmail.com', 1, 'Gandia'),
(50, 38.945028, -0.140401, '2020-12-15 20:11:43', 'O3', 'admin@gmail.com', 1, 'Gandia'),
(49, 38.945033, -0.210413, '2020-12-16 00:00:00', 'SO2', 'admin@gmail.com', 1, 'Gandia'),
(56, 38.945039, -0.170491, '2020-12-18 00:00:00', 'NO2', 'admin@gmail.com', 1, 'Gandia'),
(57, 38.945056, -0.145591, '2020-12-15 20:11:44', 'O3', 'admin@gmail.com', 1, 'Gandia'),
(43, 38.945056, -0.130493, '0000-00-00 00:00:00', 'SO2', 'admin@gmail.com', 1, 'Gandia'),
(15, 38.94506, -0.19046, '2020-12-18 00:00:00', 'NO2', 'admin@gmail.com', 1, 'Gandia'),
(68, 38.94506, -0.185687, '2020-12-16 00:00:00', 'O3', 'admin@gmail.com', 1, 'Gandia'),
(81, 38.945072, -0.180611, '2020-12-13 00:00:00', 'SO2', 'admin@gmail.com', 1, 'Gandia'),
(83, 38.945077, -0.15543, '2020-12-18 00:00:00', 'O3', 'admin@gmail.com', 1, 'Gandia'),
(60, 38.94508, -0.110438, '2020-12-17 00:00:00', 'O3', 'admin@gmail.com', 1, 'Gandia'),
(45, 38.945095, -0.190519, '2020-12-18 00:00:00', 'CO', 'admin@gmail.com', 1, 'Gandia'),
(65, 38.945118, -0.155528, '2020-12-17 00:00:00', 'NO2', 'admin@gmail.com', 1, 'Gandia'),
(64, 38.945119, -0.185618, '2020-12-18 00:00:00', 'O3', 'admin@gmail.com', 1, 'Gandia'),
(43, 38.945124, -0.190527, '0000-00-00 00:00:00', 'SO2', 'admin@gmail.com', 1, 'Gandia'),
(70, 38.945126, -0.135514, '2020-12-13 00:00:00', 'SO2', 'admin@gmail.com', 1, 'Gandia'),
(40, 38.945127, -0.150461, '2020-12-17 00:00:00', 'NO2', 'admin@gmail.com', 1, 'Gandia'),
(37, 38.945134, -0.120459, '2020-12-18 00:00:00', 'CO', 'admin@gmail.com', 1, 'Gandia'),
(74, 38.945141, -0.140689, '2020-12-18 00:00:00', 'SO2', 'admin@gmail.com', 1, 'Gandia'),
(58, 38.945144, -0.155321, '2020-12-16 00:00:00', 'SO2', 'admin@gmail.com', 1, 'Gandia'),
(12, 38.945169, -0.185511, '2020-12-18 00:00:00', 'NO2', 'admin@gmail.com', 1, 'Gandia'),
(73, 38.945183, -0.195512, '2020-12-17 00:00:00', 'O3', 'admin@gmail.com', 1, 'Gandia'),
(50, 38.945198, -0.140568, '2020-12-16 00:00:00', 'SO2', 'admin@gmail.com', 1, 'Gandia'),
(64, 38.945266, -0.145582, '2020-12-16 00:00:00', 'SO2', 'admin@gmail.com', 1, 'Gandia'),
(29, 38.945301, -0.165471, '2020-12-15 20:11:43', 'O3', 'admin@gmail.com', 1, 'Gandia');
INSERT INTO `medidas` (`valor`, `latitud`, `longitud`, `momento`, `tipoMedida`, `correo`, `datosDeTest`, `zona`) VALUES
(57, 38.954809, -0.135395, '2020-12-17 00:00:00', 'SO2', 'admin@gmail.com', 1, 'Gandia'),
(21, 38.954825, -0.170381, '2020-12-18 00:00:00', 'O3', 'admin@gmail.com', 1, 'Gandia'),
(44, 38.95484, -0.190627, '2020-12-16 00:00:00', 'SO2', 'admin@gmail.com', 1, 'Gandia'),
(33, 38.954842, -0.155454, '2020-12-15 20:11:43', 'O3', 'admin@gmail.com', 1, 'Gandia'),
(25, 38.954862, -0.12041, '2020-12-18 00:00:00', 'NO2', 'admin@gmail.com', 1, 'Gandia'),
(14, 38.954868, -0.180499, '2020-12-16 00:00:00', 'SO2', 'admin@gmail.com', 1, 'Gandia'),
(60, 38.954879, -0.140459, '2020-12-18 00:00:00', 'O3', 'admin@gmail.com', 1, 'Gandia'),
(32, 38.954883, -0.17542, '2020-12-16 00:00:00', 'O3', 'admin@gmail.com', 1, 'Gandia'),
(33, 38.95489, -0.215559, '2020-12-17 00:00:00', 'NO2', 'admin@gmail.com', 1, 'Gandia'),
(48, 38.95489, -0.17053, '2020-12-18 00:00:00', 'O3', 'admin@gmail.com', 1, 'Gandia'),
(26, 38.954892, -0.200316, '2020-12-16 00:00:00', 'O3', 'admin@gmail.com', 1, 'Gandia'),
(32, 38.954895, -0.120769, '2020-12-18 00:00:00', 'NO2', 'admin@gmail.com', 1, 'Gandia'),
(96, 38.954899, -0.180362, '2020-12-16 00:00:00', 'O3', 'admin@gmail.com', 1, 'Gandia'),
(85, 38.954904, -0.180499, '2020-12-16 00:00:00', 'SO2', 'admin@gmail.com', 1, 'Gandia'),
(49, 38.954909, -0.200513, '2020-12-13 00:00:00', 'SO2', 'admin@gmail.com', 1, 'Gandia'),
(62, 38.954916, -0.175597, '2020-12-13 00:00:00', 'SO2', 'admin@gmail.com', 1, 'Gandia'),
(54, 38.954918, -0.130525, '2020-12-13 00:00:00', 'SO2', 'admin@gmail.com', 1, 'Gandia'),
(53, 38.954924, -0.215469, '2020-12-17 00:00:00', 'O3', 'admin@gmail.com', 1, 'Gandia'),
(53, 38.954924, -0.165433, '2020-12-16 00:00:00', 'O3', 'admin@gmail.com', 1, 'Gandia'),
(61, 38.954928, -0.230592, '2020-12-18 00:00:00', 'O3', 'admin@gmail.com', 1, 'Gandia'),
(82, 38.954931, -0.205385, '2020-12-13 00:00:00', 'SO2', 'admin@gmail.com', 1, 'Gandia'),
(58, 38.954941, -0.115512, '2020-12-17 00:00:00', 'SO2', 'admin@gmail.com', 1, 'Gandia'),
(62, 38.954942, -0.115537, '2020-12-18 00:00:00', 'O3', 'admin@gmail.com', 1, 'Gandia'),
(49, 38.954943, -0.110304, '2020-12-18 00:00:00', 'O3', 'admin@gmail.com', 1, 'Gandia'),
(95, 38.954946, -0.085443, '2020-12-16 00:00:00', 'O3', 'admin@gmail.com', 1, 'Gandia'),
(16, 38.954948, -0.165513, '2020-12-17 00:00:00', 'SO2', 'admin@gmail.com', 1, 'Gandia'),
(76, 38.954948, -0.115643, '2020-12-18 00:00:00', 'O3', 'admin@gmail.com', 1, 'Gandia'),
(44, 38.954952, -0.190417, '2020-12-13 00:00:00', 'SO2', 'admin@gmail.com', 1, 'Gandia'),
(43, 38.954958, -0.185616, '2020-12-13 00:00:00', 'SO2', 'admin@gmail.com', 1, 'Gandia'),
(76, 38.954962, -0.190796, '2020-12-16 00:00:00', 'SO2', 'admin@gmail.com', 1, 'Gandia'),
(54, 38.954969, -0.135486, '2020-12-18 00:00:00', 'SO2', 'admin@gmail.com', 1, 'Gandia'),
(57, 38.954977, -0.190583, '2020-12-17 00:00:00', 'CO', 'admin@gmail.com', 1, 'Gandia'),
(69, 38.95498, -0.185371, '2020-12-16 00:00:00', 'O3', 'admin@gmail.com', 1, 'Gandia'),
(68, 38.954982, -0.170498, '2020-12-18 00:00:00', 'CO', 'admin@gmail.com', 1, 'Gandia'),
(32, 38.954982, -0.155526, '2020-12-13 00:00:00', 'SO2', 'admin@gmail.com', 1, 'Gandia'),
(31, 38.954989, -0.155592, '2020-12-18 00:00:00', 'NO2', 'admin@gmail.com', 1, 'Gandia'),
(56, 38.954996, -0.210386, '2020-12-16 00:00:00', 'O3', 'admin@gmail.com', 1, 'Gandia'),
(71, 38.954996, -0.13062, '2020-12-17 00:00:00', 'NO2', 'admin@gmail.com', 1, 'Gandia'),
(69, 38.955005, -0.170659, '2020-12-18 00:00:00', 'NO2', 'admin@gmail.com', 1, 'Gandia'),
(63, 38.955008, -0.175498, '2020-12-18 00:00:00', 'O3', 'admin@gmail.com', 1, 'Gandia'),
(90, 38.955014, -0.210485, '0000-00-00 00:00:00', 'SO2', 'admin@gmail.com', 1, 'Gandia'),
(60, 38.955023, -0.215592, '2020-12-17 00:00:00', 'SO2', 'admin@gmail.com', 1, 'Gandia'),
(75, 38.955024, -0.115351, '2020-12-17 00:00:00', 'SO2', 'admin@gmail.com', 1, 'Gandia'),
(67, 38.95503, -0.215555, '2020-12-13 00:00:00', 'SO2', 'admin@gmail.com', 1, 'Gandia'),
(59, 38.95503, -0.205529, '2020-12-13 00:00:00', 'SO2', 'admin@gmail.com', 1, 'Gandia'),
(48, 38.95505, -0.155479, '2020-12-17 00:00:00', 'NO2', 'admin@gmail.com', 1, 'Gandia'),
(66, 38.955056, -0.215382, '2020-12-17 00:00:00', 'O3', 'admin@gmail.com', 1, 'Gandia'),
(22, 38.95506, -0.195399, '2020-12-17 00:00:00', 'NO2', 'admin@gmail.com', 1, 'Gandia'),
(61, 38.955061, -0.170371, '2020-12-17 00:00:00', 'CO', 'admin@gmail.com', 1, 'Gandia'),
(66, 38.955064, -0.125482, '0000-00-00 00:00:00', 'SO2', 'admin@gmail.com', 1, 'Gandia'),
(63, 38.955069, -0.190485, '2020-12-17 00:00:00', 'NO2', 'admin@gmail.com', 1, 'Gandia'),
(20, 38.955069, -0.160423, '2020-12-15 20:11:44', 'O3', 'admin@gmail.com', 1, 'Gandia'),
(97, 38.955074, -0.140329, '2020-12-17 00:00:00', 'O3', 'admin@gmail.com', 1, 'Gandia'),
(77, 38.955075, -0.175545, '2020-12-18 00:00:00', 'NO2', 'admin@gmail.com', 1, 'Gandia'),
(24, 38.955075, -0.130506, '2020-12-18 00:00:00', 'CO', 'admin@gmail.com', 1, 'Gandia'),
(71, 38.95509, -0.215479, '2020-12-16 00:00:00', 'O3', 'admin@gmail.com', 1, 'Gandia'),
(40, 38.955096, -0.190542, '2020-12-18 00:00:00', 'O3', 'admin@gmail.com', 1, 'Gandia'),
(19, 38.955097, -0.215517, '2020-12-18 00:00:00', 'O3', 'admin@gmail.com', 1, 'Gandia'),
(39, 38.955104, -0.160495, '2020-12-13 00:00:00', 'SO2', 'admin@gmail.com', 1, 'Gandia'),
(55, 38.955119, -0.165602, '2020-12-18 00:00:00', 'CO', 'admin@gmail.com', 1, 'Gandia'),
(79, 38.955122, -0.170522, '2020-12-13 00:00:00', 'SO2', 'admin@gmail.com', 1, 'Gandia'),
(45, 38.955164, -0.120504, '2020-12-18 00:00:00', 'SO2', 'admin@gmail.com', 1, 'Gandia'),
(60, 38.955165, -0.150609, '2020-12-18 00:00:00', 'NO2', 'admin@gmail.com', 1, 'Gandia'),
(29, 38.955173, -0.175419, '2020-12-16 00:00:00', 'O3', 'admin@gmail.com', 1, 'Gandia'),
(53, 38.955173, -0.140691, '2020-12-18 00:00:00', 'CO', 'admin@gmail.com', 1, 'Gandia'),
(61, 38.955182, -0.195754, '2020-12-17 00:00:00', 'CO', 'admin@gmail.com', 1, 'Gandia'),
(75, 38.955184, -0.135454, '2020-12-17 00:00:00', 'SO2', 'admin@gmail.com', 1, 'Gandia'),
(51, 38.955214, -0.220378, '2020-12-16 00:00:00', 'O3', 'admin@gmail.com', 1, 'Gandia'),
(61, 38.955221, -0.175456, '2020-12-17 00:00:00', 'CO', 'admin@gmail.com', 1, 'Gandia'),
(59, 38.955283, -0.155511, '0000-00-00 00:00:00', 'SO2', 'admin@gmail.com', 1, 'Gandia'),
(56, 38.964823, -0.205475, '0000-00-00 00:00:00', 'SO2', 'admin@gmail.com', 1, 'Gandia'),
(59, 38.96484, -0.165312, '2020-12-16 00:00:00', 'O3', 'admin@gmail.com', 1, 'Gandia'),
(24, 38.964842, -0.15059, '2020-12-18 00:00:00', 'NO2', 'admin@gmail.com', 1, 'Gandia'),
(41, 38.964861, -0.160514, '2020-12-18 00:00:00', 'NO2', 'admin@gmail.com', 1, 'Gandia'),
(74, 38.964868, -0.165534, '2020-12-17 00:00:00', 'SO2', 'admin@gmail.com', 1, 'Gandia'),
(55, 38.964873, -0.110292, '2020-12-17 00:00:00', 'NO2', 'admin@gmail.com', 1, 'Gandia'),
(58, 38.964879, -0.19559, '2020-12-17 00:00:00', 'O3', 'admin@gmail.com', 1, 'Gandia'),
(81, 38.964882, -0.1304, '2020-12-17 00:00:00', 'SO2', 'admin@gmail.com', 1, 'Gandia'),
(61, 38.964898, -0.180442, '2020-12-18 00:00:00', 'CO', 'admin@gmail.com', 1, 'Gandia'),
(94, 38.964904, -0.155399, '2020-12-15 20:11:44', 'O3', 'admin@gmail.com', 1, 'Gandia'),
(43, 38.964907, -0.160568, '2020-12-15 20:11:43', 'O3', 'admin@gmail.com', 1, 'Gandia'),
(81, 38.964909, -0.150554, '0000-00-00 00:00:00', 'SO2', 'admin@gmail.com', 1, 'Gandia'),
(37, 38.964913, -0.210528, '2020-12-18 00:00:00', 'NO2', 'admin@gmail.com', 1, 'Gandia'),
(50, 38.964916, -0.180521, '2020-12-17 00:00:00', 'CO', 'admin@gmail.com', 1, 'Gandia'),
(54, 38.964918, -0.150579, '2020-12-16 00:00:00', 'O3', 'admin@gmail.com', 1, 'Gandia'),
(60, 38.96492, -0.160465, '2020-12-18 00:00:00', 'O3', 'admin@gmail.com', 1, 'Gandia'),
(93, 38.964927, -0.150438, '2020-12-17 00:00:00', 'O3', 'admin@gmail.com', 1, 'Gandia'),
(59, 38.964931, -0.180436, '2020-12-16 00:00:00', 'O3', 'admin@gmail.com', 1, 'Gandia'),
(49, 38.964945, -0.160316, '2020-12-16 00:00:00', 'O3', 'admin@gmail.com', 1, 'Gandia'),
(50, 38.964947, -0.175455, '2020-12-16 00:00:00', 'O3', 'admin@gmail.com', 1, 'Gandia'),
(99, 38.964953, -0.19565, '2020-12-17 00:00:00', 'NO2', 'admin@gmail.com', 1, 'Gandia'),
(81, 38.964953, -0.140466, '2020-12-13 00:00:00', 'SO2', 'admin@gmail.com', 1, 'Gandia'),
(60, 38.964957, -0.170495, '2020-12-15 20:11:44', 'O3', 'admin@gmail.com', 1, 'Gandia'),
(84, 38.964958, -0.155537, '2020-12-13 00:00:00', 'SO2', 'admin@gmail.com', 1, 'Gandia'),
(38, 38.964959, -0.155431, '2020-12-15 20:11:43', 'O3', 'admin@gmail.com', 1, 'Gandia'),
(94, 38.96496, -0.145516, '2020-12-17 00:00:00', 'O3', 'admin@gmail.com', 1, 'Gandia'),
(27, 38.964968, -0.1654, '2020-12-15 20:11:43', 'O3', 'admin@gmail.com', 1, 'Gandia'),
(34, 38.964969, -0.135455, '2020-12-13 00:00:00', 'SO2', 'admin@gmail.com', 1, 'Gandia'),
(88, 38.96497, -0.225429, '2020-12-17 00:00:00', 'NO2', 'admin@gmail.com', 1, 'Gandia'),
(69, 38.964971, -0.160483, '2020-12-17 00:00:00', 'SO2', 'admin@gmail.com', 1, 'Gandia'),
(29, 38.964975, -0.105459, '2020-12-16 00:00:00', 'O3', 'admin@gmail.com', 1, 'Gandia'),
(50, 38.964985, -0.140561, '2020-12-17 00:00:00', 'NO2', 'admin@gmail.com', 1, 'Gandia'),
(63, 38.964988, -0.190487, '0000-00-00 00:00:00', 'SO2', 'admin@gmail.com', 1, 'Gandia'),
(90, 38.964989, -0.190696, '2020-12-18 00:00:00', 'CO', 'admin@gmail.com', 1, 'Gandia'),
(40, 38.964992, -0.195635, '0000-00-00 00:00:00', 'SO2', 'admin@gmail.com', 1, 'Gandia'),
(41, 38.964993, -0.170497, '2020-12-17 00:00:00', 'CO', 'admin@gmail.com', 1, 'Gandia'),
(60, 38.965001, -0.160552, '2020-12-18 00:00:00', 'NO2', 'admin@gmail.com', 1, 'Gandia'),
(66, 38.965002, -0.155505, '2020-12-17 00:00:00', 'NO2', 'admin@gmail.com', 1, 'Gandia'),
(38, 38.965003, -0.140553, '2020-12-18 00:00:00', 'CO', 'admin@gmail.com', 1, 'Gandia'),
(29, 38.965007, -0.160481, '2020-12-17 00:00:00', 'CO', 'admin@gmail.com', 1, 'Gandia'),
(36, 38.965011, -0.165304, '2020-12-17 00:00:00', 'SO2', 'admin@gmail.com', 1, 'Gandia'),
(40, 38.965016, -0.210515, '2020-12-18 00:00:00', 'CO', 'admin@gmail.com', 1, 'Gandia'),
(65, 38.96502, -0.185534, '2020-12-18 00:00:00', 'SO2', 'admin@gmail.com', 1, 'Gandia'),
(67, 38.965031, -0.185583, '2020-12-16 00:00:00', 'SO2', 'admin@gmail.com', 1, 'Gandia'),
(58, 38.965034, -0.200366, '2020-12-16 00:00:00', 'SO2', 'admin@gmail.com', 1, 'Gandia'),
(42, 38.965038, -0.17059, '2020-12-18 00:00:00', 'NO2', 'admin@gmail.com', 1, 'Gandia'),
(46, 38.965039, -0.14033, '2020-12-18 00:00:00', 'NO2', 'admin@gmail.com', 1, 'Gandia'),
(42, 38.96504, -0.130488, '2020-12-17 00:00:00', 'CO', 'admin@gmail.com', 1, 'Gandia'),
(67, 38.965043, -0.200534, '2020-12-17 00:00:00', 'NO2', 'admin@gmail.com', 1, 'Gandia'),
(64, 38.965045, -0.140271, '2020-12-16 00:00:00', 'O3', 'admin@gmail.com', 1, 'Gandia'),
(74, 38.965065, -0.180499, '2020-12-17 00:00:00', 'NO2', 'admin@gmail.com', 1, 'Gandia'),
(17, 38.965066, -0.210529, '2020-12-17 00:00:00', 'CO', 'admin@gmail.com', 1, 'Gandia'),
(77, 38.965066, -0.17555, '2020-12-17 00:00:00', 'CO', 'admin@gmail.com', 1, 'Gandia'),
(44, 38.965073, -0.150203, '2020-12-18 00:00:00', 'O3', 'admin@gmail.com', 1, 'Gandia'),
(48, 38.965092, -0.190428, '2020-12-17 00:00:00', 'SO2', 'admin@gmail.com', 1, 'Gandia'),
(76, 38.965098, -0.160411, '2020-12-15 20:11:43', 'O3', 'admin@gmail.com', 1, 'Gandia'),
(53, 38.965102, -0.180582, '2020-12-13 00:00:00', 'SO2', 'admin@gmail.com', 1, 'Gandia'),
(39, 38.965103, -0.170524, '2020-12-18 00:00:00', 'NO2', 'admin@gmail.com', 1, 'Gandia'),
(21, 38.96511, -0.170417, '2020-12-17 00:00:00', 'CO', 'admin@gmail.com', 1, 'Gandia'),
(88, 38.965115, -0.13546, '2020-12-13 00:00:00', 'SO2', 'admin@gmail.com', 1, 'Gandia'),
(48, 38.965116, -0.140462, '2020-12-18 00:00:00', 'NO2', 'admin@gmail.com', 1, 'Gandia'),
(57, 38.965127, -0.175482, '2020-12-17 00:00:00', 'O3', 'admin@gmail.com', 1, 'Gandia'),
(54, 38.965154, -0.145436, '2020-12-16 00:00:00', 'O3', 'admin@gmail.com', 1, 'Gandia'),
(72, 38.965197, -0.14042, '2020-12-18 00:00:00', 'CO', 'admin@gmail.com', 1, 'Gandia'),
(36, 38.965201, -0.200626, '2020-12-18 00:00:00', 'SO2', 'admin@gmail.com', 1, 'Gandia'),
(71, 38.965212, -0.155538, '2020-12-18 00:00:00', 'SO2', 'admin@gmail.com', 1, 'Gandia'),
(67, 38.965212, -0.155329, '2020-12-13 00:00:00', 'SO2', 'admin@gmail.com', 1, 'Gandia'),
(53, 38.974787, -0.160463, '2020-12-17 00:00:00', 'CO', 'admin@gmail.com', 1, 'Gandia'),
(62, 38.97483, -0.145661, '0000-00-00 00:00:00', 'SO2', 'admin@gmail.com', 1, 'Gandia'),
(100, 38.974838, -0.13548, '2020-12-18 00:00:00', 'SO2', 'admin@gmail.com', 1, 'Gandia'),
(65, 38.974839, -0.180527, '2020-12-17 00:00:00', 'O3', 'admin@gmail.com', 1, 'Gandia'),
(71, 38.974855, -0.185635, '2020-12-18 00:00:00', 'SO2', 'admin@gmail.com', 1, 'Gandia'),
(85, 38.97486, -0.1555, '2020-12-18 00:00:00', 'SO2', 'admin@gmail.com', 1, 'Gandia'),
(79, 38.97489, -0.230587, '2020-12-16 00:00:00', 'O3', 'admin@gmail.com', 1, 'Gandia'),
(50, 38.974891, -0.125347, '2020-12-13 00:00:00', 'SO2', 'admin@gmail.com', 1, 'Gandia'),
(67, 38.974892, -0.180432, '2020-12-18 00:00:00', 'CO', 'admin@gmail.com', 1, 'Gandia'),
(26, 38.974898, -0.215623, '2020-12-17 00:00:00', 'O3', 'admin@gmail.com', 1, 'Gandia'),
(65, 38.974911, -0.160198, '0000-00-00 00:00:00', 'SO2', 'admin@gmail.com', 1, 'Gandia'),
(56, 38.974917, -0.230586, '2020-12-16 00:00:00', 'O3', 'admin@gmail.com', 1, 'Gandia'),
(55, 38.974922, -0.190381, '2020-12-18 00:00:00', 'SO2', 'admin@gmail.com', 1, 'Gandia'),
(61, 38.97493, -0.180587, '2020-12-17 00:00:00', 'NO2', 'admin@gmail.com', 1, 'Gandia'),
(56, 38.974931, -0.195405, '2020-12-17 00:00:00', 'CO', 'admin@gmail.com', 1, 'Gandia'),
(50, 38.974934, -0.155315, '2020-12-17 00:00:00', 'SO2', 'admin@gmail.com', 1, 'Gandia'),
(52, 38.974943, -0.170602, '2020-12-18 00:00:00', 'SO2', 'admin@gmail.com', 1, 'Gandia'),
(22, 38.974947, -0.215442, '2020-12-15 20:11:44', 'O3', 'admin@gmail.com', 1, 'Gandia'),
(56, 38.974949, -0.200526, '0000-00-00 00:00:00', 'SO2', 'admin@gmail.com', 1, 'Gandia'),
(29, 38.974951, -0.135651, '2020-12-16 00:00:00', 'O3', 'admin@gmail.com', 1, 'Gandia'),
(83, 38.974952, -0.245551, '2020-12-18 00:00:00', 'SO2', 'admin@gmail.com', 1, 'Gandia'),
(80, 38.974953, -0.15554, '2020-12-17 00:00:00', 'SO2', 'admin@gmail.com', 1, 'Gandia'),
(44, 38.974954, -0.135469, '2020-12-18 00:00:00', 'SO2', 'admin@gmail.com', 1, 'Gandia'),
(55, 38.974956, -0.170639, '2020-12-17 00:00:00', 'NO2', 'admin@gmail.com', 1, 'Gandia'),
(47, 38.974958, -0.165494, '0000-00-00 00:00:00', 'SO2', 'admin@gmail.com', 1, 'Gandia'),
(56, 38.974964, -0.18536, '2020-12-17 00:00:00', 'CO', 'admin@gmail.com', 1, 'Gandia'),
(97, 38.974975, -0.120566, '2020-12-17 00:00:00', 'NO2', 'admin@gmail.com', 1, 'Gandia'),
(74, 38.974983, -0.190463, '2020-12-15 20:11:44', 'O3', 'admin@gmail.com', 1, 'Gandia'),
(23, 38.974984, -0.180476, '2020-12-17 00:00:00', 'NO2', 'admin@gmail.com', 1, 'Gandia'),
(62, 38.974994, -0.160231, '2020-12-17 00:00:00', 'SO2', 'admin@gmail.com', 1, 'Gandia'),
(47, 38.974994, -0.135432, '2020-12-16 00:00:00', 'O3', 'admin@gmail.com', 1, 'Gandia'),
(64, 38.974995, -0.130731, '2020-12-16 00:00:00', 'O3', 'admin@gmail.com', 1, 'Gandia'),
(94, 38.974996, -0.235526, '2020-12-16 00:00:00', 'SO2', 'admin@gmail.com', 1, 'Gandia'),
(53, 38.975004, -0.130643, '2020-12-15 20:11:44', 'O3', 'admin@gmail.com', 1, 'Gandia'),
(58, 38.975013, -0.180546, '2020-12-18 00:00:00', 'NO2', 'admin@gmail.com', 1, 'Gandia'),
(28, 38.975014, -0.175381, '2020-12-16 00:00:00', 'O3', 'admin@gmail.com', 1, 'Gandia'),
(66, 38.975032, -0.165532, '2020-12-18 00:00:00', 'CO', 'admin@gmail.com', 1, 'Gandia'),
(90, 38.975038, -0.185397, '2020-12-17 00:00:00', 'SO2', 'admin@gmail.com', 1, 'Gandia'),
(42, 38.975043, -0.170466, '2020-12-18 00:00:00', 'SO2', 'admin@gmail.com', 1, 'Gandia'),
(43, 38.975047, -0.155531, '2020-12-16 00:00:00', 'SO2', 'admin@gmail.com', 1, 'Gandia'),
(57, 38.975051, -0.185475, '2020-12-18 00:00:00', 'O3', 'admin@gmail.com', 1, 'Gandia'),
(61, 38.975057, -0.17546, '2020-12-17 00:00:00', 'SO2', 'admin@gmail.com', 1, 'Gandia'),
(41, 38.97506, -0.175475, '2020-12-17 00:00:00', 'NO2', 'admin@gmail.com', 1, 'Gandia'),
(71, 38.975073, -0.165558, '2020-12-17 00:00:00', 'NO2', 'admin@gmail.com', 1, 'Gandia'),
(27, 38.975076, -0.175331, '2020-12-17 00:00:00', 'NO2', 'admin@gmail.com', 1, 'Gandia'),
(43, 38.975085, -0.210399, '2020-12-17 00:00:00', 'SO2', 'admin@gmail.com', 1, 'Gandia'),
(39, 38.975086, -0.200422, '2020-12-18 00:00:00', 'NO2', 'admin@gmail.com', 1, 'Gandia'),
(31, 38.975089, -0.220367, '2020-12-15 20:11:44', 'O3', 'admin@gmail.com', 1, 'Gandia'),
(55, 38.975091, -0.195376, '2020-12-18 00:00:00', 'SO2', 'admin@gmail.com', 1, 'Gandia'),
(32, 38.975119, -0.155394, '2020-12-17 00:00:00', 'SO2', 'admin@gmail.com', 1, 'Gandia'),
(28, 38.97512, -0.1854, '2020-12-17 00:00:00', 'SO2', 'admin@gmail.com', 1, 'Gandia'),
(33, 38.975124, -0.170379, '0000-00-00 00:00:00', 'SO2', 'admin@gmail.com', 1, 'Gandia'),
(49, 38.975127, -0.18049, '2020-12-13 00:00:00', 'SO2', 'admin@gmail.com', 1, 'Gandia'),
(81, 38.975145, -0.130494, '2020-12-18 00:00:00', 'O3', 'admin@gmail.com', 1, 'Gandia'),
(51, 38.975146, -0.200625, '2020-12-15 20:11:44', 'O3', 'admin@gmail.com', 1, 'Gandia'),
(55, 38.975149, -0.175487, '2020-12-16 00:00:00', 'O3', 'admin@gmail.com', 1, 'Gandia'),
(56, 38.97518, -0.175516, '2020-12-16 00:00:00', 'SO2', 'admin@gmail.com', 1, 'Gandia'),
(80, 38.975185, -0.135511, '2020-12-18 00:00:00', 'NO2', 'admin@gmail.com', 1, 'Gandia'),
(37, 38.975187, -0.155779, '2020-12-13 00:00:00', 'SO2', 'admin@gmail.com', 1, 'Gandia'),
(79, 38.975201, -0.160487, '2020-12-18 00:00:00', 'SO2', 'admin@gmail.com', 1, 'Gandia'),
(25, 38.975216, -0.165433, '2020-12-18 00:00:00', 'SO2', 'admin@gmail.com', 1, 'Gandia'),
(38, 38.975228, -0.145227, '2020-12-17 00:00:00', 'SO2', 'admin@gmail.com', 1, 'Gandia'),
(27, 38.984822, -0.165588, '2020-12-18 00:00:00', 'O3', 'admin@gmail.com', 1, 'Gandia'),
(43, 38.984847, -0.155384, '2020-12-16 00:00:00', 'O3', 'admin@gmail.com', 1, 'Gandia'),
(57, 38.98485, -0.155727, '2020-12-17 00:00:00', 'CO', 'admin@gmail.com', 1, 'Gandia'),
(83, 38.984852, -0.140433, '2020-12-16 00:00:00', 'O3', 'admin@gmail.com', 1, 'Gandia'),
(62, 38.984867, -0.165525, '2020-12-17 00:00:00', 'CO', 'admin@gmail.com', 1, 'Gandia'),
(38, 38.984869, -0.185337, '2020-12-15 20:11:44', 'O3', 'admin@gmail.com', 1, 'Gandia'),
(39, 38.984892, -0.19549, '2020-12-18 00:00:00', 'CO', 'admin@gmail.com', 1, 'Gandia'),
(60, 38.984896, -0.240324, '2020-12-17 00:00:00', 'SO2', 'admin@gmail.com', 1, 'Gandia'),
(52, 38.984896, -0.165711, '2020-12-13 00:00:00', 'SO2', 'admin@gmail.com', 1, 'Gandia'),
(68, 38.984905, -0.195688, '2020-12-18 00:00:00', 'O3', 'admin@gmail.com', 1, 'Gandia'),
(52, 38.984909, -0.215522, '2020-12-17 00:00:00', 'NO2', 'admin@gmail.com', 1, 'Gandia'),
(40, 38.984914, -0.165453, '2020-12-13 00:00:00', 'SO2', 'admin@gmail.com', 1, 'Gandia'),
(37, 38.984926, -0.170587, '2020-12-18 00:00:00', 'NO2', 'admin@gmail.com', 1, 'Gandia'),
(93, 38.984928, -0.230581, '2020-12-17 00:00:00', 'CO', 'admin@gmail.com', 1, 'Gandia'),
(37, 38.984934, -0.195615, '2020-12-15 20:11:44', 'O3', 'admin@gmail.com', 1, 'Gandia'),
(38, 38.984934, -0.190493, '2020-12-18 00:00:00', 'NO2', 'admin@gmail.com', 1, 'Gandia'),
(49, 38.984936, -0.185511, '2020-12-16 00:00:00', 'O3', 'admin@gmail.com', 1, 'Gandia'),
(88, 38.984936, -0.175392, '2020-12-17 00:00:00', 'NO2', 'admin@gmail.com', 1, 'Gandia'),
(75, 38.98495, -0.170637, '2020-12-13 00:00:00', 'SO2', 'admin@gmail.com', 1, 'Gandia'),
(67, 38.984952, -0.145628, '2020-12-16 00:00:00', 'O3', 'admin@gmail.com', 1, 'Gandia'),
(40, 38.984961, -0.185491, '2020-12-17 00:00:00', 'O3', 'admin@gmail.com', 1, 'Gandia'),
(31, 38.984965, -0.185468, '2020-12-13 00:00:00', 'SO2', 'admin@gmail.com', 1, 'Gandia'),
(53, 38.984968, -0.20548, '2020-12-15 20:11:44', 'O3', 'admin@gmail.com', 1, 'Gandia'),
(90, 38.984968, -0.170489, '2020-12-18 00:00:00', 'SO2', 'admin@gmail.com', 1, 'Gandia'),
(17, 38.984976, -0.165401, '2020-12-17 00:00:00', 'O3', 'admin@gmail.com', 1, 'Gandia'),
(61, 38.98498, -0.17561, '2020-12-18 00:00:00', 'CO', 'admin@gmail.com', 1, 'Gandia'),
(84, 38.98498, -0.170508, '2020-12-16 00:00:00', 'O3', 'admin@gmail.com', 1, 'Gandia'),
(86, 38.984985, -0.185531, '2020-12-16 00:00:00', 'SO2', 'admin@gmail.com', 1, 'Gandia'),
(44, 38.984996, -0.170595, '2020-12-13 00:00:00', 'SO2', 'admin@gmail.com', 1, 'Gandia'),
(79, 38.984999, -0.190444, '2020-12-18 00:00:00', 'CO', 'admin@gmail.com', 1, 'Gandia'),
(46, 38.985007, -0.165401, '2020-12-13 00:00:00', 'SO2', 'admin@gmail.com', 1, 'Gandia'),
(52, 38.985009, -0.215489, '2020-12-17 00:00:00', 'CO', 'admin@gmail.com', 1, 'Gandia'),
(70, 38.985012, -0.115587, '2020-12-15 20:11:44', 'O3', 'admin@gmail.com', 1, 'Gandia'),
(62, 38.985012, -0.105736, '2020-12-17 00:00:00', 'O3', 'admin@gmail.com', 1, 'Gandia'),
(14, 38.985014, -0.175442, '2020-12-18 00:00:00', 'CO', 'admin@gmail.com', 1, 'Gandia'),
(60, 38.985016, -0.180417, '2020-12-13 00:00:00', 'SO2', 'admin@gmail.com', 1, 'Gandia'),
(52, 38.985016, -0.160429, '2020-12-13 00:00:00', 'SO2', 'admin@gmail.com', 1, 'Gandia'),
(76, 38.98502, -0.185431, '0000-00-00 00:00:00', 'SO2', 'admin@gmail.com', 1, 'Gandia'),
(46, 38.985024, -0.190286, '2020-12-16 00:00:00', 'O3', 'admin@gmail.com', 1, 'Gandia'),
(66, 38.985035, -0.160511, '2020-12-18 00:00:00', 'SO2', 'admin@gmail.com', 1, 'Gandia'),
(75, 38.985042, -0.135486, '0000-00-00 00:00:00', 'SO2', 'admin@gmail.com', 1, 'Gandia'),
(41, 38.985044, -0.175381, '2020-12-17 00:00:00', 'SO2', 'admin@gmail.com', 1, 'Gandia'),
(61, 38.985053, -0.140565, '2020-12-18 00:00:00', 'CO', 'admin@gmail.com', 1, 'Gandia'),
(65, 38.985054, -0.150378, '2020-12-15 20:11:43', 'O3', 'admin@gmail.com', 1, 'Gandia'),
(54, 38.98506, -0.170587, '2020-12-18 00:00:00', 'O3', 'admin@gmail.com', 1, 'Gandia'),
(49, 38.985071, -0.115609, '2020-12-17 00:00:00', 'SO2', 'admin@gmail.com', 1, 'Gandia'),
(65, 38.985072, -0.145593, '2020-12-16 00:00:00', 'SO2', 'admin@gmail.com', 1, 'Gandia'),
(35, 38.985074, -0.145536, '2020-12-18 00:00:00', 'O3', 'admin@gmail.com', 1, 'Gandia'),
(78, 38.985074, -0.130589, '2020-12-18 00:00:00', 'SO2', 'admin@gmail.com', 1, 'Gandia'),
(78, 38.985078, -0.195506, '0000-00-00 00:00:00', 'SO2', 'admin@gmail.com', 1, 'Gandia'),
(67, 38.985079, -0.175681, '2020-12-16 00:00:00', 'O3', 'admin@gmail.com', 1, 'Gandia'),
(65, 38.985104, -0.195454, '2020-12-17 00:00:00', 'SO2', 'admin@gmail.com', 1, 'Gandia'),
(80, 38.985106, -0.205632, '0000-00-00 00:00:00', 'SO2', 'admin@gmail.com', 1, 'Gandia'),
(47, 38.985112, -0.160607, '2020-12-18 00:00:00', 'O3', 'admin@gmail.com', 1, 'Gandia'),
(81, 38.98512, -0.165413, '2020-12-13 00:00:00', 'SO2', 'admin@gmail.com', 1, 'Gandia'),
(46, 38.985122, -0.220537, '2020-12-16 00:00:00', 'O3', 'admin@gmail.com', 1, 'Gandia'),
(30, 38.985122, -0.145403, '2020-12-18 00:00:00', 'NO2', 'admin@gmail.com', 1, 'Gandia'),
(68, 38.985123, -0.120596, '0000-00-00 00:00:00', 'SO2', 'admin@gmail.com', 1, 'Gandia'),
(66, 38.985137, -0.190663, '2020-12-17 00:00:00', 'SO2', 'admin@gmail.com', 1, 'Gandia'),
(27, 38.98514, -0.165372, '0000-00-00 00:00:00', 'SO2', 'admin@gmail.com', 1, 'Gandia'),
(52, 38.98515, -0.170551, '2020-12-17 00:00:00', 'O3', 'admin@gmail.com', 1, 'Gandia'),
(83, 38.985173, -0.115533, '2020-12-17 00:00:00', 'SO2', 'admin@gmail.com', 1, 'Gandia'),
(91, 38.985178, -0.135699, '2020-12-16 00:00:00', 'SO2', 'admin@gmail.com', 1, 'Gandia'),
(48, 38.98518, -0.150453, '2020-12-16 00:00:00', 'O3', 'admin@gmail.com', 1, 'Gandia'),
(59, 38.985285, -0.140474, '2020-12-17 00:00:00', 'SO2', 'admin@gmail.com', 1, 'Gandia'),
(74, 38.994753, -0.200381, '2020-12-18 00:00:00', 'CO', 'admin@gmail.com', 1, 'Gandia'),
(47, 38.994789, -0.2005, '2020-12-18 00:00:00', 'NO2', 'admin@gmail.com', 1, 'Gandia'),
(81, 38.99483, -0.150537, '2020-12-17 00:00:00', 'O3', 'admin@gmail.com', 1, 'Gandia'),
(40, 38.994847, -0.170404, '2020-12-15 20:11:44', 'O3', 'admin@gmail.com', 1, 'Gandia'),
(70, 38.994862, -0.180517, '2020-12-16 00:00:00', 'O3', 'admin@gmail.com', 1, 'Gandia'),
(52, 38.994873, -0.140607, '2020-12-13 00:00:00', 'SO2', 'admin@gmail.com', 1, 'Gandia'),
(38, 38.994877, -0.125473, '2020-12-17 00:00:00', 'NO2', 'admin@gmail.com', 1, 'Gandia'),
(82, 38.99488, -0.180446, '2020-12-18 00:00:00', 'NO2', 'admin@gmail.com', 1, 'Gandia'),
(68, 38.994901, -0.230489, '2020-12-18 00:00:00', 'SO2', 'admin@gmail.com', 1, 'Gandia'),
(10, 38.994904, -0.115592, '2020-12-13 00:00:00', 'SO2', 'admin@gmail.com', 1, 'Gandia'),
(81, 38.99491, -0.175229, '0000-00-00 00:00:00', 'SO2', 'admin@gmail.com', 1, 'Gandia'),
(59, 38.994914, -0.175523, '2020-12-16 00:00:00', 'O3', 'admin@gmail.com', 1, 'Gandia'),
(53, 38.994918, -0.150327, '2020-12-18 00:00:00', 'O3', 'admin@gmail.com', 1, 'Gandia'),
(65, 38.994919, -0.175454, '2020-12-17 00:00:00', 'O3', 'admin@gmail.com', 1, 'Gandia'),
(77, 38.994924, -0.155389, '2020-12-17 00:00:00', 'SO2', 'admin@gmail.com', 1, 'Gandia'),
(19, 38.994936, -0.145559, '2020-12-18 00:00:00', 'SO2', 'admin@gmail.com', 1, 'Gandia'),
(59, 38.994939, -0.180319, '2020-12-16 00:00:00', 'O3', 'admin@gmail.com', 1, 'Gandia'),
(21, 38.994947, -0.18552, '2020-12-18 00:00:00', 'NO2', 'admin@gmail.com', 1, 'Gandia'),
(63, 38.994958, -0.190479, '2020-12-16 00:00:00', 'O3', 'admin@gmail.com', 1, 'Gandia'),
(58, 38.994958, -0.170405, '2020-12-16 00:00:00', 'SO2', 'admin@gmail.com', 1, 'Gandia'),
(58, 38.994961, -0.20041, '0000-00-00 00:00:00', 'SO2', 'admin@gmail.com', 1, 'Gandia'),
(71, 38.994963, -0.205428, '2020-12-13 00:00:00', 'SO2', 'admin@gmail.com', 1, 'Gandia'),
(46, 38.994969, -0.155369, '2020-12-17 00:00:00', 'O3', 'admin@gmail.com', 1, 'Gandia'),
(96, 38.994973, -0.18041, '2020-12-18 00:00:00', 'CO', 'admin@gmail.com', 1, 'Gandia'),
(60, 38.994977, -0.170504, '2020-12-18 00:00:00', 'O3', 'admin@gmail.com', 1, 'Gandia'),
(81, 38.994982, -0.190394, '2020-12-13 00:00:00', 'SO2', 'admin@gmail.com', 1, 'Gandia'),
(60, 38.994987, -0.15035, '2020-12-18 00:00:00', 'CO', 'admin@gmail.com', 1, 'Gandia'),
(47, 38.994988, -0.140435, '2020-12-15 20:11:44', 'O3', 'admin@gmail.com', 1, 'Gandia'),
(94, 38.994991, -0.185311, '2020-12-17 00:00:00', 'CO', 'admin@gmail.com', 1, 'Gandia'),
(59, 38.994994, -0.180459, '2020-12-17 00:00:00', 'O3', 'admin@gmail.com', 1, 'Gandia'),
(59, 38.994995, -0.195408, '2020-12-17 00:00:00', 'CO', 'admin@gmail.com', 1, 'Gandia'),
(46, 38.994996, -0.155663, '2020-12-13 00:00:00', 'SO2', 'admin@gmail.com', 1, 'Gandia'),
(23, 38.995001, -0.125606, '2020-12-17 00:00:00', 'CO', 'admin@gmail.com', 1, 'Gandia'),
(63, 38.995009, -0.135618, '2020-12-18 00:00:00', 'SO2', 'admin@gmail.com', 1, 'Gandia'),
(62, 38.995013, -0.135571, '2020-12-16 00:00:00', 'SO2', 'admin@gmail.com', 1, 'Gandia'),
(44, 38.995018, -0.18042, '2020-12-18 00:00:00', 'CO', 'admin@gmail.com', 1, 'Gandia'),
(27, 38.995025, -0.160521, '2020-12-18 00:00:00', 'CO', 'admin@gmail.com', 1, 'Gandia'),
(62, 38.995029, -0.255485, '0000-00-00 00:00:00', 'SO2', 'admin@gmail.com', 1, 'Gandia'),
(63, 38.995031, -0.190611, '2020-12-17 00:00:00', 'NO2', 'admin@gmail.com', 1, 'Gandia'),
(70, 38.99504, -0.145564, '2020-12-15 20:11:44', 'O3', 'admin@gmail.com', 1, 'Gandia'),
(69, 38.995044, -0.150568, '2020-12-16 00:00:00', 'O3', 'admin@gmail.com', 1, 'Gandia'),
(91, 38.995046, -0.235595, '2020-12-17 00:00:00', 'CO', 'admin@gmail.com', 1, 'Gandia'),
(70, 38.995048, -0.175449, '2020-12-13 00:00:00', 'SO2', 'admin@gmail.com', 1, 'Gandia'),
(60, 38.995051, -0.170573, '2020-12-16 00:00:00', 'SO2', 'admin@gmail.com', 1, 'Gandia'),
(62, 38.995052, -0.210334, '2020-12-17 00:00:00', 'O3', 'admin@gmail.com', 1, 'Gandia'),
(45, 38.995054, -0.170588, '2020-12-18 00:00:00', 'SO2', 'admin@gmail.com', 1, 'Gandia'),
(40, 38.995064, -0.150582, '2020-12-17 00:00:00', 'CO', 'admin@gmail.com', 1, 'Gandia'),
(45, 38.995081, -0.200297, '2020-12-16 00:00:00', 'O3', 'admin@gmail.com', 1, 'Gandia'),
(48, 38.995086, -0.155576, '2020-12-15 20:11:43', 'O3', 'admin@gmail.com', 1, 'Gandia'),
(61, 38.995086, -0.140496, '2020-12-17 00:00:00', 'CO', 'admin@gmail.com', 1, 'Gandia'),
(36, 38.995087, -0.19542, '2020-12-18 00:00:00', 'O3', 'admin@gmail.com', 1, 'Gandia'),
(31, 38.99509, -0.180392, '2020-12-18 00:00:00', 'CO', 'admin@gmail.com', 1, 'Gandia'),
(23, 38.995093, -0.205515, '2020-12-17 00:00:00', 'SO2', 'admin@gmail.com', 1, 'Gandia'),
(77, 38.995094, -0.160654, '2020-12-18 00:00:00', 'SO2', 'admin@gmail.com', 1, 'Gandia'),
(76, 38.995094, -0.125411, '0000-00-00 00:00:00', 'SO2', 'admin@gmail.com', 1, 'Gandia'),
(46, 38.995099, -0.115425, '0000-00-00 00:00:00', 'SO2', 'admin@gmail.com', 1, 'Gandia'),
(35, 38.9951, -0.160442, '2020-12-17 00:00:00', 'NO2', 'admin@gmail.com', 1, 'Gandia'),
(42, 38.995102, -0.100433, '2020-12-17 00:00:00', 'SO2', 'admin@gmail.com', 1, 'Gandia'),
(66, 38.995108, -0.180618, '2020-12-17 00:00:00', 'CO', 'admin@gmail.com', 1, 'Gandia'),
(47, 38.99516, -0.215495, '2020-12-16 00:00:00', 'O3', 'admin@gmail.com', 1, 'Gandia'),
(31, 38.995173, -0.210501, '0000-00-00 00:00:00', 'SO2', 'admin@gmail.com', 1, 'Gandia'),
(11331, 38.99936507, -0.16571871, '2020-11-02 11:12:04', 'O3', 'abcd@gmail.com', 0, 'Gandia'),
(10288, 38.9993745, -0.16570722, '2020-11-02 11:12:29', 'O3', 'abcd@gmail.com', 0, 'Gandia'),
(851, 38.9995155, -0.1656043, '2020-10-18 12:04:49', 'O3', 'admin@gmail.com', 0, 'Gandia'),
(935, 38.9995165, -0.1656105, '2020-10-18 11:51:14', 'O3', 'admin@gmail.com', 0, 'Gandia'),
(927, 38.9995165, -0.1656104, '2020-10-18 11:56:40', 'O3', 'admin@gmail.com', 0, 'Gandia'),
(879, 38.9995165, -0.1656102, '2020-10-18 11:59:43', 'O3', 'admin@gmail.com', 0, 'Gandia'),
(952, 38.9995165, -0.1656092, '2020-10-18 11:45:48', 'O3', 'admin@gmail.com', 0, 'Gandia'),
(957, 38.9995165, -0.1656092, '2020-10-18 11:54:38', 'O3', 'admin@gmail.com', 0, 'Gandia'),
(920, 38.9995167, -0.1656115, '2020-10-18 11:57:41', 'O3', 'admin@gmail.com', 0, 'Gandia'),
(970, 38.9995167, -0.1656111, '2020-10-18 11:49:12', 'O3', 'admin@gmail.com', 0, 'Gandia'),
(948, 38.9995168, -0.1656125, '2020-10-18 11:53:57', 'O3', 'admin@gmail.com', 0, 'Gandia'),
(974, 38.9995168, -0.1656106, '2020-10-18 11:48:11', 'O3', 'admin@gmail.com', 0, 'Gandia'),
(980, 38.9995168, -0.1656106, '2020-10-18 11:51:34', 'O3', 'admin@gmail.com', 0, 'Gandia'),
(989, 38.9995169, -0.1656115, '2020-10-18 11:48:51', 'O3', 'admin@gmail.com', 0, 'Gandia'),
(879, 38.9995169, -0.1656097, '2020-10-18 12:00:44', 'O3', 'admin@gmail.com', 0, 'Gandia'),
(903, 38.9995169, -0.1656097, '2020-10-18 12:01:46', 'O3', 'admin@gmail.com', 0, 'Gandia'),
(858, 38.9995169, -0.1656097, '2020-10-18 12:02:26', 'O3', 'admin@gmail.com', 0, 'Gandia'),
(970, 38.9995169, -0.1656082, '2020-10-18 11:54:18', 'O3', 'admin@gmail.com', 0, 'Gandia'),
(866, 38.999517, -0.1656114, '2020-10-18 12:05:50', 'O3', 'admin@gmail.com', 0, 'Gandia'),
(950, 38.999517, -0.1656088, '2020-10-18 11:52:35', 'O3', 'admin@gmail.com', 0, 'Gandia'),
(892, 38.9995171, -0.1656134, '2020-10-18 12:00:04', 'O3', 'admin@gmail.com', 0, 'Gandia'),
(963, 38.9995172, -0.165608, '2020-10-18 11:46:08', 'O3', 'admin@gmail.com', 0, 'Gandia'),
(937, 38.9995173, -0.1656119, '2020-10-18 11:57:01', 'O3', 'admin@gmail.com', 0, 'Gandia'),
(925, 38.9995173, -0.1656081, '2020-10-18 11:46:49', 'O3', 'admin@gmail.com', 0, 'Gandia'),
(974, 38.9995173, -0.1656081, '2020-10-18 11:55:39', 'O3', 'admin@gmail.com', 0, 'Gandia'),
(890, 38.9995173, -0.1656081, '2020-10-18 12:01:05', 'O3', 'admin@gmail.com', 0, 'Gandia'),
(978, 38.9995174, -0.1656108, '2020-10-18 11:46:29', 'O3', 'admin@gmail.com', 0, 'Gandia'),
(998, 38.9995175, -0.1656118, '2020-10-18 11:49:32', 'O3', 'admin@gmail.com', 0, 'Gandia'),
(845, 38.9995177, -0.1656096, '2020-10-18 12:04:29', 'O3', 'admin@gmail.com', 0, 'Gandia'),
(1021, 38.9995178, -0.1656085, '2020-10-18 11:55:59', 'O3', 'admin@gmail.com', 0, 'Gandia'),
(942, 38.9995178, -0.1656077, '2020-10-18 11:53:36', 'O3', 'admin@gmail.com', 0, 'Gandia'),
(890, 38.9995178, -0.1656077, '2020-10-18 11:58:03', 'O3', 'admin@gmail.com', 0, 'Gandia'),
(931, 38.9995179, -0.1656132, '2020-10-18 12:01:25', 'O3', 'admin@gmail.com', 0, 'Gandia'),
(937, 38.999518, -0.165611, '2020-10-18 11:58:22', 'O3', 'admin@gmail.com', 0, 'Gandia'),
(957, 38.999518, -0.1656105, '2020-10-18 11:55:18', 'O3', 'admin@gmail.com', 0, 'Gandia'),
(922, 38.999518, -0.1656095, '2020-10-18 11:58:42', 'O3', 'admin@gmail.com', 0, 'Gandia'),
(892, 38.9995181, -0.1656121, '2020-10-18 11:59:23', 'O3', 'admin@gmail.com', 0, 'Gandia'),
(980, 38.9995184, -0.1656141, '2020-10-18 11:47:50', 'O3', 'admin@gmail.com', 0, 'Gandia'),
(845, 38.9995184, -0.1656074, '2020-10-18 12:04:08', 'O3', 'admin@gmail.com', 0, 'Gandia'),
(935, 38.9995186, -0.1656098, '2020-10-18 11:56:20', 'O3', 'admin@gmail.com', 0, 'Gandia'),
(940, 38.9995188, -0.1656096, '2020-10-18 11:50:13', 'O3', 'admin@gmail.com', 0, 'Gandia'),
(914, 38.9995191, -0.1656112, '2020-10-18 11:59:02', 'O3', 'admin@gmail.com', 0, 'Gandia'),
(832, 38.9995193, -0.1656117, '2020-10-18 12:00:24', 'O3', 'admin@gmail.com', 0, 'Gandia'),
(940, 38.9995198, -0.1656078, '2020-10-18 11:52:56', 'O3', 'admin@gmail.com', 0, 'Gandia'),
(929, 38.9995199, -0.165611, '2020-10-18 11:57:21', 'O3', 'admin@gmail.com', 0, 'Gandia'),
(875, 38.9995199, -0.1656098, '2020-10-18 12:03:27', 'O3', 'admin@gmail.com', 0, 'Gandia'),
(920, 38.9995201, -0.1656084, '2020-10-18 11:53:16', 'O3', 'admin@gmail.com', 0, 'Gandia'),
(862, 38.9995201, -0.1656084, '2020-10-18 12:03:07', 'O3', 'admin@gmail.com', 0, 'Gandia'),
(849, 38.9995201, -0.1656084, '2020-10-18 12:05:31', 'O3', 'admin@gmail.com', 0, 'Gandia'),
(961, 38.9995203, -0.1656124, '2020-10-18 11:47:30', 'O3', 'admin@gmail.com', 0, 'Gandia'),
(965, 38.9995204, -0.1656122, '2020-10-18 11:51:55', 'O3', 'admin@gmail.com', 0, 'Gandia'),
(1000, 38.9995214, -0.1656117, '2020-10-18 11:48:31', 'O3', 'admin@gmail.com', 0, 'Gandia'),
(879, 38.9995214, -0.1656113, '2020-10-18 12:03:48', 'O3', 'admin@gmail.com', 0, 'Gandia'),
(978, 38.9995216, -0.1656121, '2020-10-18 11:50:33', 'O3', 'admin@gmail.com', 0, 'Gandia'),
(957, 38.9995217, -0.1656116, '2020-10-18 11:50:53', 'O3', 'admin@gmail.com', 0, 'Gandia'),
(849, 38.9995218, -0.1656125, '2020-10-18 12:02:06', 'O3', 'admin@gmail.com', 0, 'Gandia'),
(946, 38.9995218, -0.165612, '2020-10-18 11:49:52', 'O3', 'admin@gmail.com', 0, 'Gandia'),
(832, 38.9995223, -0.1656132, '2020-10-18 12:05:09', 'O3', 'admin@gmail.com', 0, 'Gandia'),
(884, 38.9995224, -0.165614, '2020-10-18 12:02:47', 'O3', 'admin@gmail.com', 0, 'Gandia'),
(955, 38.9995229, -0.1656143, '2020-10-18 11:47:09', 'O3', 'admin@gmail.com', 0, 'Gandia'),
(968, 38.9995231, -0.1656167, '2020-10-18 11:52:15', 'O3', 'admin@gmail.com', 0, 'Gandia'),
(856, 38.9995231, -0.165616, '2020-10-18 12:06:10', 'O3', 'admin@gmail.com', 0, 'Gandia'),
(965, 38.9995233, -0.1656178, '2020-10-18 11:54:58', 'O3', 'admin@gmail.com', 0, 'Gandia'),
(2178, 38.9995291, -0.16560037, '2020-10-31 12:00:05', 'O3', 'abcd@gmail.com', 0, 'Gandia'),
(2174, 38.99953021, -0.16560108, '2020-10-31 11:48:18', 'O3', 'admin@gmail.com', 0, 'Gandia'),
(2187, 38.9995309, -0.1656032, '2020-10-31 11:45:05', 'O3', 'abcd@gmail.com', 0, 'Gandia'),
(2447, 38.9995312, -0.1655942, '2020-10-31 11:27:55', 'O3', 'admin@gmail.com', 0, 'Gandia'),
(2408, 38.9995315, -0.1655956, '2020-10-31 11:29:09', 'O3', 'admin@gmail.com', 0, 'Gandia'),
(15090, 38.9995316, -0.1656021, '2020-11-02 11:11:40', 'O3', 'abcd@gmail.com', 0, 'Gandia'),
(2197, 38.999532, -0.1656023, '2020-10-31 11:47:10', 'O3', 'admin@gmail.com', 0, 'Gandia'),
(9578, 38.9995321, -0.1656081, '2020-11-02 11:12:53', 'O3', 'abcd@gmail.com', 0, 'Gandia'),
(2412, 38.99954406, -0.16559591, '2020-10-31 11:28:44', 'O3', 'admin@gmail.com', 0, 'Gandia'),
(23, 39.004722, -0.175575, '2020-12-18 00:00:00', 'O3', 'admin@gmail.com', 1, 'Gandia'),
(75, 39.004814, -0.1304, '2020-12-18 00:00:00', 'SO2', 'admin@gmail.com', 1, 'Gandia'),
(61, 39.004822, -0.115468, '2020-12-18 00:00:00', 'SO2', 'admin@gmail.com', 1, 'Gandia'),
(48, 39.004827, -0.250458, '2020-12-16 00:00:00', 'SO2', 'admin@gmail.com', 1, 'Gandia'),
(31, 39.004831, -0.230222, '2020-12-18 00:00:00', 'O3', 'admin@gmail.com', 1, 'Gandia'),
(66, 39.004831, -0.165688, '2020-12-16 00:00:00', 'O3', 'admin@gmail.com', 1, 'Gandia'),
(29, 39.004836, -0.170431, '2020-12-17 00:00:00', 'O3', 'admin@gmail.com', 1, 'Gandia'),
(58, 39.004838, -0.180512, '0000-00-00 00:00:00', 'SO2', 'admin@gmail.com', 1, 'Gandia'),
(46, 39.004841, -0.205449, '2020-12-15 20:11:44', 'O3', 'admin@gmail.com', 1, 'Gandia'),
(15, 39.004842, -0.16557, '2020-12-16 00:00:00', 'O3', 'admin@gmail.com', 1, 'Gandia'),
(37, 39.004843, -0.195385, '2020-12-13 00:00:00', 'SO2', 'admin@gmail.com', 1, 'Gandia'),
(53, 39.004865, -0.190472, '2020-12-16 00:00:00', 'O3', 'admin@gmail.com', 1, 'Gandia'),
(16, 39.004876, -0.120657, '2020-12-17 00:00:00', 'NO2', 'admin@gmail.com', 1, 'Gandia'),
(33, 39.004881, -0.175616, '2020-12-16 00:00:00', 'O3', 'admin@gmail.com', 1, 'Gandia'),
(65, 39.004889, -0.175551, '2020-12-17 00:00:00', 'NO2', 'admin@gmail.com', 1, 'Gandia'),
(93, 39.004893, -0.19049, '2020-12-18 00:00:00', 'SO2', 'admin@gmail.com', 1, 'Gandia'),
(81, 39.004893, -0.185546, '0000-00-00 00:00:00', 'SO2', 'admin@gmail.com', 1, 'Gandia'),
(39, 39.004901, -0.195488, '2020-12-18 00:00:00', 'CO', 'admin@gmail.com', 1, 'Gandia'),
(40, 39.00491, -0.175562, '2020-12-13 00:00:00', 'SO2', 'admin@gmail.com', 1, 'Gandia'),
(53, 39.004911, -0.210348, '2020-12-13 00:00:00', 'SO2', 'admin@gmail.com', 1, 'Gandia'),
(66, 39.004912, -0.155485, '2020-12-16 00:00:00', 'SO2', 'admin@gmail.com', 1, 'Gandia'),
(49, 39.004916, -0.095577, '2020-12-18 00:00:00', 'SO2', 'admin@gmail.com', 1, 'Gandia'),
(57, 39.00492, -0.210564, '2020-12-17 00:00:00', 'SO2', 'admin@gmail.com', 1, 'Gandia'),
(26, 39.004924, -0.160544, '2020-12-18 00:00:00', 'SO2', 'admin@gmail.com', 1, 'Gandia'),
(69, 39.004926, -0.215523, '2020-12-17 00:00:00', 'O3', 'admin@gmail.com', 1, 'Gandia'),
(37, 39.004926, -0.155542, '2020-12-17 00:00:00', 'O3', 'admin@gmail.com', 1, 'Gandia'),
(50, 39.004928, -0.140425, '2020-12-15 20:11:44', 'O3', 'admin@gmail.com', 1, 'Gandia'),
(42, 39.004935, -0.125445, '2020-12-17 00:00:00', 'O3', 'admin@gmail.com', 1, 'Gandia'),
(66, 39.004935, -0.125383, '2020-12-17 00:00:00', 'SO2', 'admin@gmail.com', 1, 'Gandia'),
(47, 39.004936, -0.185537, '2020-12-18 00:00:00', 'NO2', 'admin@gmail.com', 1, 'Gandia'),
(10, 39.004936, -0.150693, '2020-12-18 00:00:00', 'O3', 'admin@gmail.com', 1, 'Gandia'),
(80, 39.004937, -0.145532, '2020-12-18 00:00:00', 'NO2', 'admin@gmail.com', 1, 'Gandia'),
(69, 39.004938, -0.155336, '2020-12-18 00:00:00', 'CO', 'admin@gmail.com', 1, 'Gandia'),
(67, 39.004939, -0.130544, '2020-12-17 00:00:00', 'CO', 'admin@gmail.com', 1, 'Gandia'),
(39, 39.004939, -0.120241, '0000-00-00 00:00:00', 'SO2', 'admin@gmail.com', 1, 'Gandia'),
(51, 39.00494, -0.105612, '2020-12-16 00:00:00', 'O3', 'admin@gmail.com', 1, 'Gandia'),
(94, 39.004945, -0.15542, '2020-12-17 00:00:00', 'O3', 'admin@gmail.com', 1, 'Gandia'),
(61, 39.004945, -0.125615, '2020-12-16 00:00:00', 'SO2', 'admin@gmail.com', 1, 'Gandia'),
(43, 39.004952, -0.215388, '2020-12-16 00:00:00', 'SO2', 'admin@gmail.com', 1, 'Gandia'),
(44, 39.004952, -0.210587, '2020-12-18 00:00:00', 'SO2', 'admin@gmail.com', 1, 'Gandia'),
(56, 39.004953, -0.145567, '2020-12-17 00:00:00', 'NO2', 'admin@gmail.com', 1, 'Gandia'),
(77, 39.004955, -0.245487, '2020-12-16 00:00:00', 'O3', 'admin@gmail.com', 1, 'Gandia'),
(44, 39.004958, -0.150522, '2020-12-18 00:00:00', 'SO2', 'admin@gmail.com', 1, 'Gandia'),
(63, 39.00496, -0.155532, '2020-12-17 00:00:00', 'O3', 'admin@gmail.com', 1, 'Gandia'),
(50, 39.004961, -0.165442, '0000-00-00 00:00:00', 'SO2', 'admin@gmail.com', 1, 'Gandia'),
(59, 39.004962, -0.190444, '2020-12-18 00:00:00', 'NO2', 'admin@gmail.com', 1, 'Gandia'),
(48, 39.004963, -0.165474, '2020-12-15 20:11:43', 'O3', 'admin@gmail.com', 1, 'Gandia'),
(59, 39.004965, -0.130489, '2020-12-18 00:00:00', 'NO2', 'admin@gmail.com', 1, 'Gandia'),
(58, 39.004967, -0.175479, '2020-12-13 00:00:00', 'SO2', 'admin@gmail.com', 1, 'Gandia'),
(50, 39.004969, -0.140619, '2020-12-17 00:00:00', 'CO', 'admin@gmail.com', 1, 'Gandia'),
(51, 39.00497, -0.200567, '2020-12-18 00:00:00', 'SO2', 'admin@gmail.com', 1, 'Gandia'),
(38, 39.00497, -0.105497, '2020-12-16 00:00:00', 'O3', 'admin@gmail.com', 1, 'Gandia'),
(48, 39.004971, -0.175379, '2020-12-16 00:00:00', 'O3', 'admin@gmail.com', 1, 'Gandia'),
(89, 39.004971, -0.160629, '2020-12-18 00:00:00', 'NO2', 'admin@gmail.com', 1, 'Gandia'),
(50, 39.004972, -0.220425, '0000-00-00 00:00:00', 'SO2', 'admin@gmail.com', 1, 'Gandia'),
(56, 39.004973, -0.195484, '2020-12-15 20:11:44', 'O3', 'admin@gmail.com', 1, 'Gandia'),
(70, 39.004974, -0.165491, '2020-12-18 00:00:00', 'O3', 'admin@gmail.com', 1, 'Gandia'),
(36, 39.004976, -0.160507, '2020-12-16 00:00:00', 'SO2', 'admin@gmail.com', 1, 'Gandia'),
(60, 39.004978, -0.17553, '2020-12-15 20:11:44', 'O3', 'admin@gmail.com', 1, 'Gandia'),
(71, 39.004978, -0.175343, '0000-00-00 00:00:00', 'SO2', 'admin@gmail.com', 1, 'Gandia'),
(32, 39.004979, -0.160512, '2020-12-13 00:00:00', 'SO2', 'admin@gmail.com', 1, 'Gandia'),
(51, 39.00498, -0.125512, '2020-12-18 00:00:00', 'SO2', 'admin@gmail.com', 1, 'Gandia'),
(30, 39.004981, -0.190514, '2020-12-18 00:00:00', 'O3', 'admin@gmail.com', 1, 'Gandia'),
(92, 39.004984, -0.165487, '2020-12-18 00:00:00', 'CO', 'admin@gmail.com', 1, 'Gandia'),
(46, 39.004986, -0.160526, '0000-00-00 00:00:00', 'SO2', 'admin@gmail.com', 1, 'Gandia'),
(50, 39.004988, -0.160572, '2020-12-13 00:00:00', 'SO2', 'admin@gmail.com', 1, 'Gandia'),
(45, 39.004988, -0.130421, '2020-12-13 00:00:00', 'SO2', 'admin@gmail.com', 1, 'Gandia'),
(34, 39.004989, -0.170505, '2020-12-17 00:00:00', 'CO', 'admin@gmail.com', 1, 'Gandia'),
(65, 39.004991, -0.195329, '2020-12-18 00:00:00', 'NO2', 'admin@gmail.com', 1, 'Gandia'),
(16, 39.004995, -0.140402, '2020-12-15 20:11:44', 'O3', 'admin@gmail.com', 1, 'Gandia'),
(20, 39.005001, -0.170556, '2020-12-17 00:00:00', 'CO', 'admin@gmail.com', 1, 'Gandia'),
(42, 39.005001, -0.165456, '2020-12-16 00:00:00', 'O3', 'admin@gmail.com', 1, 'Gandia'),
(74, 39.005002, -0.185685, '2020-12-13 00:00:00', 'SO2', 'admin@gmail.com', 1, 'Gandia'),
(58, 39.005006, -0.205475, '2020-12-18 00:00:00', 'NO2', 'admin@gmail.com', 1, 'Gandia'),
(49, 39.005007, -0.195539, '2020-12-16 00:00:00', 'O3', 'admin@gmail.com', 1, 'Gandia'),
(27, 39.005009, -0.155437, '2020-12-18 00:00:00', 'CO', 'admin@gmail.com', 1, 'Gandia'),
(58, 39.005011, -0.170457, '2020-12-17 00:00:00', 'CO', 'admin@gmail.com', 1, 'Gandia'),
(81, 39.005011, -0.160332, '2020-12-18 00:00:00', 'O3', 'admin@gmail.com', 1, 'Gandia'),
(51, 39.005014, -0.240467, '2020-12-17 00:00:00', 'CO', 'admin@gmail.com', 1, 'Gandia'),
(55, 39.005014, -0.150312, '2020-12-18 00:00:00', 'O3', 'admin@gmail.com', 1, 'Gandia'),
(34, 39.005016, -0.190474, '2020-12-16 00:00:00', 'SO2', 'admin@gmail.com', 1, 'Gandia'),
(25, 39.005017, -0.205622, '2020-12-18 00:00:00', 'SO2', 'admin@gmail.com', 1, 'Gandia'),
(76, 39.005018, -0.24048, '2020-12-17 00:00:00', 'SO2', 'admin@gmail.com', 1, 'Gandia'),
(87, 39.00502, -0.180591, '2020-12-13 00:00:00', 'SO2', 'admin@gmail.com', 1, 'Gandia'),
(67, 39.00502, -0.155619, '2020-12-17 00:00:00', 'O3', 'admin@gmail.com', 1, 'Gandia'),
(53, 39.00502, -0.130496, '2020-12-17 00:00:00', 'SO2', 'admin@gmail.com', 1, 'Gandia'),
(25, 39.005021, -0.23568, '2020-12-17 00:00:00', 'NO2', 'admin@gmail.com', 1, 'Gandia'),
(56, 39.005021, -0.160544, '2020-12-17 00:00:00', 'NO2', 'admin@gmail.com', 1, 'Gandia'),
(49, 39.005026, -0.155506, '2020-12-17 00:00:00', 'O3', 'admin@gmail.com', 1, 'Gandia'),
(77, 39.005031, -0.17054, '2020-12-18 00:00:00', 'NO2', 'admin@gmail.com', 1, 'Gandia'),
(35, 39.005041, -0.175332, '2020-12-17 00:00:00', 'O3', 'admin@gmail.com', 1, 'Gandia'),
(21, 39.005041, -0.155516, '2020-12-17 00:00:00', 'SO2', 'admin@gmail.com', 1, 'Gandia'),
(30, 39.005043, -0.160457, '0000-00-00 00:00:00', 'SO2', 'admin@gmail.com', 1, 'Gandia'),
(54, 39.005045, -0.170467, '2020-12-17 00:00:00', 'NO2', 'admin@gmail.com', 1, 'Gandia'),
(41, 39.005047, -0.150628, '2020-12-16 00:00:00', 'SO2', 'admin@gmail.com', 1, 'Gandia'),
(42, 39.005048, -0.150525, '2020-12-18 00:00:00', 'NO2', 'admin@gmail.com', 1, 'Gandia'),
(36, 39.005049, -0.200635, '2020-12-16 00:00:00', 'O3', 'admin@gmail.com', 1, 'Gandia'),
(71, 39.005057, -0.185532, '2020-12-17 00:00:00', 'NO2', 'admin@gmail.com', 1, 'Gandia'),
(71, 39.005062, -0.170565, '2020-12-16 00:00:00', 'SO2', 'admin@gmail.com', 1, 'Gandia'),
(56, 39.005066, -0.200452, '2020-12-13 00:00:00', 'SO2', 'admin@gmail.com', 1, 'Gandia'),
(80, 39.005067, -0.165614, '2020-12-16 00:00:00', 'SO2', 'admin@gmail.com', 1, 'Gandia'),
(57, 39.005075, -0.13073, '2020-12-17 00:00:00', 'O3', 'admin@gmail.com', 1, 'Gandia'),
(22, 39.00508, -0.185469, '2020-12-15 20:11:44', 'O3', 'admin@gmail.com', 1, 'Gandia'),
(36, 39.005086, -0.180375, '2020-12-17 00:00:00', 'CO', 'admin@gmail.com', 1, 'Gandia'),
(61, 39.005091, -0.180543, '2020-12-16 00:00:00', 'O3', 'admin@gmail.com', 1, 'Gandia'),
(23, 39.005093, -0.170486, '2020-12-17 00:00:00', 'CO', 'admin@gmail.com', 1, 'Gandia'),
(69, 39.005094, -0.125572, '2020-12-17 00:00:00', 'NO2', 'admin@gmail.com', 1, 'Gandia'),
(44, 39.005101, -0.135388, '2020-12-18 00:00:00', 'CO', 'admin@gmail.com', 1, 'Gandia'),
(16, 39.005102, -0.180593, '0000-00-00 00:00:00', 'SO2', 'admin@gmail.com', 1, 'Gandia'),
(55, 39.005104, -0.165584, '2020-12-18 00:00:00', 'NO2', 'admin@gmail.com', 1, 'Gandia'),
(54, 39.005116, -0.170479, '2020-12-17 00:00:00', 'SO2', 'admin@gmail.com', 1, 'Gandia'),
(43, 39.005127, -0.190619, '2020-12-17 00:00:00', 'CO', 'admin@gmail.com', 1, 'Gandia'),
(59, 39.005133, -0.140587, '2020-12-17 00:00:00', 'CO', 'admin@gmail.com', 1, 'Gandia'),
(68, 39.005171, -0.160445, '2020-12-15 20:11:43', 'O3', 'admin@gmail.com', 1, 'Gandia'),
(75, 39.005183, -0.145327, '2020-12-18 00:00:00', 'O3', 'admin@gmail.com', 1, 'Gandia'),
(48, 39.005186, -0.150477, '2020-12-18 00:00:00', 'NO2', 'admin@gmail.com', 1, 'Gandia'),
(52, 39.005191, -0.140432, '2020-12-16 00:00:00', 'SO2', 'admin@gmail.com', 1, 'Gandia'),
(32, 39.005216, -0.155482, '2020-12-15 20:11:44', 'O3', 'admin@gmail.com', 1, 'Gandia'),
(28, 39.005301, -0.165532, '2020-12-18 00:00:00', 'O3', 'admin@gmail.com', 1, 'Gandia'),
(55, 39.014783, -0.16047, '2020-12-17 00:00:00', 'NO2', 'admin@gmail.com', 1, 'Gandia'),
(39, 39.014812, -0.1655, '2020-12-13 00:00:00', 'SO2', 'admin@gmail.com', 1, 'Gandia'),
(59, 39.014819, -0.140527, '2020-12-17 00:00:00', 'CO', 'admin@gmail.com', 1, 'Gandia'),
(37, 39.014831, -0.210476, '2020-12-18 00:00:00', 'NO2', 'admin@gmail.com', 1, 'Gandia'),
(60, 39.014833, -0.135586, '2020-12-16 00:00:00', 'O3', 'admin@gmail.com', 1, 'Gandia'),
(58, 39.014839, -0.155476, '0000-00-00 00:00:00', 'SO2', 'admin@gmail.com', 1, 'Gandia'),
(63, 39.014874, -0.155521, '2020-12-18 00:00:00', 'SO2', 'admin@gmail.com', 1, 'Gandia'),
(57, 39.014874, -0.145575, '2020-12-18 00:00:00', 'NO2', 'admin@gmail.com', 1, 'Gandia'),
(46, 39.014888, -0.155479, '2020-12-17 00:00:00', 'O3', 'admin@gmail.com', 1, 'Gandia'),
(64, 39.0149, -0.140541, '2020-12-18 00:00:00', 'O3', 'admin@gmail.com', 1, 'Gandia'),
(55, 39.014928, -0.175404, '2020-12-18 00:00:00', 'NO2', 'admin@gmail.com', 1, 'Gandia'),
(49, 39.014941, -0.205641, '2020-12-18 00:00:00', 'CO', 'admin@gmail.com', 1, 'Gandia'),
(68, 39.014945, -0.175737, '2020-12-18 00:00:00', 'NO2', 'admin@gmail.com', 1, 'Gandia'),
(56, 39.014952, -0.13048, '2020-12-18 00:00:00', 'CO', 'admin@gmail.com', 1, 'Gandia'),
(29, 39.014953, -0.130479, '2020-12-16 00:00:00', 'O3', 'admin@gmail.com', 1, 'Gandia'),
(61, 39.014954, -0.155673, '2020-12-16 00:00:00', 'SO2', 'admin@gmail.com', 1, 'Gandia'),
(59, 39.014967, -0.155537, '2020-12-16 00:00:00', 'O3', 'admin@gmail.com', 1, 'Gandia'),
(86, 39.01497, -0.185326, '2020-12-16 00:00:00', 'SO2', 'admin@gmail.com', 1, 'Gandia'),
(29, 39.014978, -0.200574, '2020-12-16 00:00:00', 'O3', 'admin@gmail.com', 1, 'Gandia'),
(81, 39.014989, -0.175738, '2020-12-17 00:00:00', 'SO2', 'admin@gmail.com', 1, 'Gandia'),
(67, 39.014991, -0.195437, '2020-12-18 00:00:00', 'CO', 'admin@gmail.com', 1, 'Gandia'),
(80, 39.014993, -0.125428, '0000-00-00 00:00:00', 'SO2', 'admin@gmail.com', 1, 'Gandia'),
(58, 39.014995, -0.210574, '2020-12-17 00:00:00', 'SO2', 'admin@gmail.com', 1, 'Gandia'),
(71, 39.015016, -0.13047, '2020-12-18 00:00:00', 'O3', 'admin@gmail.com', 1, 'Gandia'),
(62, 39.015026, -0.09051, '2020-12-18 00:00:00', 'NO2', 'admin@gmail.com', 1, 'Gandia'),
(57, 39.015028, -0.180445, '2020-12-16 00:00:00', 'SO2', 'admin@gmail.com', 1, 'Gandia'),
(28, 39.01503, -0.135334, '2020-12-17 00:00:00', 'NO2', 'admin@gmail.com', 1, 'Gandia'),
(39, 39.015039, -0.255639, '2020-12-17 00:00:00', 'O3', 'admin@gmail.com', 1, 'Gandia'),
(72, 39.015047, -0.150477, '2020-12-16 00:00:00', 'SO2', 'admin@gmail.com', 1, 'Gandia'),
(59, 39.01505, -0.145454, '2020-12-18 00:00:00', 'NO2', 'lauramelerogarrigos@gmail.com', 1, 'Gandia'),
(43, 39.015053, -0.170553, '2020-12-17 00:00:00', 'CO', 'admin@gmail.com', 1, 'Gandia'),
(42, 39.015066, -0.205678, '2020-12-17 00:00:00', 'CO', 'admin@gmail.com', 1, 'Gandia'),
(52, 39.015093, -0.135441, '0000-00-00 00:00:00', 'SO2', 'admin@gmail.com', 1, 'Gandia'),
(91, 39.015094, -0.155434, '0000-00-00 00:00:00', 'SO2', 'admin@gmail.com', 1, 'Gandia'),
(48, 39.015095, -0.205674, '2020-12-17 00:00:00', 'SO2', 'admin@gmail.com', 1, 'Gandia'),
(37, 39.015096, -0.180458, '2020-12-17 00:00:00', 'CO', 'admin@gmail.com', 1, 'Gandia'),
(83, 39.015101, -0.195616, '2020-12-15 20:11:43', 'O3', 'admin@gmail.com', 1, 'Gandia'),
(64, 39.015112, -0.150511, '2020-12-17 00:00:00', 'O3', 'admin@gmail.com', 1, 'Gandia'),
(44, 39.015126, -0.210497, '2020-12-16 00:00:00', 'O3', 'admin@gmail.com', 1, 'Gandia'),
(66, 39.015139, -0.180547, '2020-12-17 00:00:00', 'NO2', 'admin@gmail.com', 1, 'Gandia'),
(58, 39.015167, -0.165524, '2020-12-16 00:00:00', 'O3', 'admin@gmail.com', 1, 'Gandia'),
(55, 39.015172, -0.195613, '2020-12-15 20:11:43', 'O3', 'admin@gmail.com', 1, 'Gandia'),
(41, 39.015217, -0.200426, '2020-12-18 00:00:00', 'CO', 'admin@gmail.com', 1, 'Gandia'),
(95, 39.024707, -0.225573, '2020-12-17 00:00:00', 'CO', 'admin@gmail.com', 1, 'Gandia'),
(93, 39.024747, -0.165491, '2020-12-18 00:00:00', 'O3', 'admin@gmail.com', 1, 'Gandia'),
(54, 39.024844, -0.185388, '2020-12-16 00:00:00', 'SO2', 'admin@gmail.com', 1, 'Gandia'),
(90, 39.024898, -0.160436, '0000-00-00 00:00:00', 'SO2', 'admin@gmail.com', 1, 'Gandia'),
(22, 39.024908, -0.155444, '2020-12-16 00:00:00', 'O3', 'admin@gmail.com', 1, 'Gandia'),
(45, 39.024913, -0.215491, '2020-12-18 00:00:00', 'SO2', 'admin@gmail.com', 1, 'Gandia'),
(65, 39.024923, -0.135417, '2020-12-18 00:00:00', 'NO2', 'admin@gmail.com', 1, 'Gandia'),
(46, 39.024928, -0.180363, '0000-00-00 00:00:00', 'SO2', 'admin@gmail.com', 1, 'Gandia'),
(46, 39.024934, -0.160525, '2020-12-17 00:00:00', 'O3', 'admin@gmail.com', 1, 'Gandia');
INSERT INTO `medidas` (`valor`, `latitud`, `longitud`, `momento`, `tipoMedida`, `correo`, `datosDeTest`, `zona`) VALUES
(75, 39.024953, -0.165583, '2020-12-17 00:00:00', 'SO2', 'admin@gmail.com', 1, 'Gandia'),
(19, 39.024967, -0.170488, '2020-12-18 00:00:00', 'CO', 'admin@gmail.com', 1, 'Gandia'),
(65, 39.024968, -0.120648, '2020-12-17 00:00:00', 'CO', 'admin@gmail.com', 1, 'Gandia'),
(70, 39.024974, -0.165593, '2020-12-17 00:00:00', 'NO2', 'admin@gmail.com', 1, 'Gandia'),
(27, 39.024983, -0.140444, '2020-12-18 00:00:00', 'O3', 'admin@gmail.com', 1, 'Gandia'),
(53, 39.024987, -0.105526, '2020-12-15 20:11:44', 'O3', 'admin@gmail.com', 1, 'Gandia'),
(80, 39.024993, -0.250288, '2020-12-17 00:00:00', 'O3', 'admin@gmail.com', 1, 'Gandia'),
(48, 39.024993, -0.160434, '2020-12-17 00:00:00', 'SO2', 'admin@gmail.com', 1, 'Gandia'),
(58, 39.025005, -0.115591, '2020-12-17 00:00:00', 'CO', 'admin@gmail.com', 1, 'Gandia'),
(63, 39.025008, -0.160577, '0000-00-00 00:00:00', 'SO2', 'admin@gmail.com', 1, 'Gandia'),
(42, 39.025012, -0.175564, '2020-12-15 20:11:44', 'O3', 'admin@gmail.com', 1, 'Gandia'),
(43, 39.025014, -0.130376, '2020-12-17 00:00:00', 'O3', 'admin@gmail.com', 1, 'Gandia'),
(54, 39.025018, -0.14069, '0000-00-00 00:00:00', 'SO2', 'admin@gmail.com', 1, 'Gandia'),
(78, 39.02502, -0.17541, '2020-12-17 00:00:00', 'NO2', 'admin@gmail.com', 1, 'Gandia'),
(23, 39.025023, -0.170553, '0000-00-00 00:00:00', 'SO2', 'admin@gmail.com', 1, 'Gandia'),
(56, 39.025024, -0.185541, '2020-12-13 00:00:00', 'SO2', 'admin@gmail.com', 1, 'Gandia'),
(55, 39.025029, -0.165566, '0000-00-00 00:00:00', 'SO2', 'admin@gmail.com', 1, 'Gandia'),
(52, 39.02503, -0.170497, '2020-12-17 00:00:00', 'NO2', 'admin@gmail.com', 1, 'Gandia'),
(68, 39.025034, -0.205456, '2020-12-18 00:00:00', 'CO', 'admin@gmail.com', 1, 'Gandia'),
(46, 39.025035, -0.155431, '0000-00-00 00:00:00', 'SO2', 'admin@gmail.com', 1, 'Gandia'),
(25, 39.02505, -0.130437, '2020-12-18 00:00:00', 'O3', 'admin@gmail.com', 1, 'Gandia'),
(37, 39.025068, -0.160509, '2020-12-18 00:00:00', 'O3', 'admin@gmail.com', 1, 'Gandia'),
(67, 39.02507, -0.21543, '2020-12-17 00:00:00', 'O3', 'admin@gmail.com', 1, 'Gandia'),
(50, 39.02507, -0.165501, '2020-12-18 00:00:00', 'CO', 'admin@gmail.com', 1, 'Gandia'),
(38, 39.025077, -0.130748, '2020-12-17 00:00:00', 'O3', 'admin@gmail.com', 1, 'Gandia'),
(67, 39.025079, -0.130572, '2020-12-16 00:00:00', 'O3', 'admin@gmail.com', 1, 'Gandia'),
(69, 39.025083, -0.175512, '2020-12-18 00:00:00', 'SO2', 'admin@gmail.com', 1, 'Gandia'),
(38, 39.025084, -0.195532, '2020-12-17 00:00:00', 'NO2', 'admin@gmail.com', 1, 'Gandia'),
(54, 39.025084, -0.124604, '2020-12-17 00:00:00', 'NO2', 'admin@gmail.com', 1, 'Gandia'),
(62, 39.02509, -0.140433, '2020-12-18 00:00:00', 'NO2', 'admin@gmail.com', 1, 'Gandia'),
(40, 39.025092, -0.21547, '2020-12-17 00:00:00', 'CO', 'admin@gmail.com', 1, 'Gandia'),
(62, 39.025102, -0.145537, '2020-12-17 00:00:00', 'O3', 'admin@gmail.com', 1, 'Gandia'),
(77, 39.025111, -0.145566, '2020-12-18 00:00:00', 'O3', 'admin@gmail.com', 1, 'Gandia'),
(92, 39.025116, -0.150655, '2020-12-18 00:00:00', 'CO', 'admin@gmail.com', 1, 'Gandia'),
(40, 39.025167, -0.205554, '2020-12-15 20:11:43', 'O3', 'admin@gmail.com', 1, 'Gandia'),
(59, 39.025185, -0.140437, '2020-12-17 00:00:00', 'NO2', 'admin@gmail.com', 1, 'Gandia'),
(73, 39.025189, -0.165482, '2020-12-18 00:00:00', 'CO', 'admin@gmail.com', 1, 'Gandia'),
(48, 39.025212, -0.17546, '0000-00-00 00:00:00', 'SO2', 'admin@gmail.com', 1, 'Gandia'),
(25, 39.034824, -0.165503, '2020-12-18 00:00:00', 'SO2', 'admin@gmail.com', 1, 'Gandia'),
(48, 39.034878, -0.185549, '2020-12-17 00:00:00', 'O3', 'admin@gmail.com', 1, 'Gandia'),
(71, 39.034884, -0.2155, '2020-12-18 00:00:00', 'CO', 'admin@gmail.com', 1, 'Gandia'),
(47, 39.034889, -0.115458, '2020-12-17 00:00:00', 'SO2', 'admin@gmail.com', 1, 'Gandia'),
(82, 39.034893, -0.180472, '2020-12-17 00:00:00', 'O3', 'admin@gmail.com', 1, 'Gandia'),
(78, 39.034895, -0.185454, '2020-12-15 20:11:44', 'O3', 'admin@gmail.com', 1, 'Gandia'),
(68, 39.034901, -0.115503, '2020-12-13 00:00:00', 'SO2', 'admin@gmail.com', 1, 'Gandia'),
(19, 39.034915, -0.185479, '2020-12-15 20:11:43', 'O3', 'admin@gmail.com', 1, 'Gandia'),
(11, 39.034929, -0.190543, '2020-12-13 00:00:00', 'SO2', 'admin@gmail.com', 1, 'Gandia'),
(53, 39.034931, -0.17045, '2020-12-17 00:00:00', 'O3', 'admin@gmail.com', 1, 'Gandia'),
(60, 39.034944, -0.205495, '0000-00-00 00:00:00', 'SO2', 'admin@gmail.com', 1, 'Gandia'),
(68, 39.034944, -0.155582, '2020-12-17 00:00:00', 'CO', 'admin@gmail.com', 1, 'Gandia'),
(67, 39.034946, -0.135252, '2020-12-17 00:00:00', 'NO2', 'admin@gmail.com', 1, 'Gandia'),
(48, 39.034965, -0.110401, '0000-00-00 00:00:00', 'SO2', 'admin@gmail.com', 1, 'Gandia'),
(68, 39.034978, -0.215363, '2020-12-16 00:00:00', 'O3', 'admin@gmail.com', 1, 'Gandia'),
(55, 39.034983, -0.14059, '2020-12-16 00:00:00', 'SO2', 'admin@gmail.com', 1, 'Gandia'),
(69, 39.034987, -0.155478, '2020-12-17 00:00:00', 'CO', 'admin@gmail.com', 1, 'Gandia'),
(80, 39.034992, -0.200396, '2020-12-16 00:00:00', 'SO2', 'admin@gmail.com', 1, 'Gandia'),
(100, 39.035002, -0.19056, '0000-00-00 00:00:00', 'SO2', 'admin@gmail.com', 1, 'Gandia'),
(42, 39.035012, -0.200581, '2020-12-15 20:11:43', 'O3', 'admin@gmail.com', 1, 'Gandia'),
(50, 39.035016, -0.18547, '2020-12-17 00:00:00', 'NO2', 'admin@gmail.com', 1, 'Gandia'),
(66, 39.035044, -0.155402, '2020-12-18 00:00:00', 'CO', 'admin@gmail.com', 1, 'Gandia'),
(40, 39.035051, -0.195551, '2020-12-15 20:11:43', 'O3', 'admin@gmail.com', 1, 'Gandia'),
(69, 39.035052, -0.160592, '2020-12-17 00:00:00', 'CO', 'admin@gmail.com', 1, 'Gandia'),
(17, 39.035054, -0.210481, '2020-12-18 00:00:00', 'O3', 'admin@gmail.com', 1, 'Gandia'),
(58, 39.035054, -0.17053, '2020-12-16 00:00:00', 'SO2', 'admin@gmail.com', 1, 'Gandia'),
(43, 39.035061, -0.165393, '2020-12-16 00:00:00', 'O3', 'admin@gmail.com', 1, 'Gandia'),
(32, 39.03507, -0.185523, '2020-12-17 00:00:00', 'CO', 'admin@gmail.com', 1, 'Gandia'),
(48, 39.03507, -0.135463, '2020-12-17 00:00:00', 'CO', 'admin@gmail.com', 1, 'Gandia'),
(95, 39.035078, -0.155428, '2020-12-16 00:00:00', 'SO2', 'admin@gmail.com', 1, 'Gandia'),
(68, 39.035084, -0.135476, '2020-12-13 00:00:00', 'SO2', 'admin@gmail.com', 1, 'Gandia'),
(83, 39.035091, -0.140551, '2020-12-16 00:00:00', 'O3', 'admin@gmail.com', 1, 'Gandia'),
(50, 39.035092, -0.200443, '2020-12-15 20:11:43', 'O3', 'admin@gmail.com', 1, 'Gandia'),
(85, 39.035101, -0.160511, '2020-12-17 00:00:00', 'O3', 'admin@gmail.com', 1, 'Gandia'),
(54, 39.035125, -0.150592, '2020-12-16 00:00:00', 'O3', 'admin@gmail.com', 1, 'Gandia'),
(89, 39.035158, -0.180531, '0000-00-00 00:00:00', 'SO2', 'admin@gmail.com', 1, 'Gandia'),
(53, 39.035165, -0.195618, '2020-12-18 00:00:00', 'O3', 'admin@gmail.com', 1, 'Gandia'),
(23, 39.035183, -0.14044, '2020-12-18 00:00:00', 'O3', 'admin@gmail.com', 1, 'Gandia'),
(30, 39.044847, -0.16033, '0000-00-00 00:00:00', 'SO2', 'admin@gmail.com', 1, 'Gandia'),
(80, 39.044874, -0.125446, '2020-12-15 20:11:44', 'O3', 'admin@gmail.com', 1, 'Gandia'),
(64, 39.044887, -0.210379, '2020-12-16 00:00:00', 'O3', 'admin@gmail.com', 1, 'Gandia'),
(69, 39.044887, -0.170599, '2020-12-18 00:00:00', 'CO', 'admin@gmail.com', 1, 'Gandia'),
(45, 39.044896, -0.195465, '2020-12-13 00:00:00', 'SO2', 'admin@gmail.com', 1, 'Gandia'),
(39, 39.044907, -0.155527, '2020-12-15 20:11:43', 'O3', 'admin@gmail.com', 1, 'Gandia'),
(62, 39.044927, -0.165556, '2020-12-18 00:00:00', 'O3', 'admin@gmail.com', 1, 'Gandia'),
(36, 39.044929, -0.235634, '0000-00-00 00:00:00', 'SO2', 'admin@gmail.com', 1, 'Gandia'),
(63, 39.044932, -0.17544, '2020-12-17 00:00:00', 'SO2', 'admin@gmail.com', 1, 'Gandia'),
(52, 39.044947, -0.220371, '2020-12-18 00:00:00', 'O3', 'admin@gmail.com', 1, 'Gandia'),
(85, 39.044951, -0.190503, '2020-12-18 00:00:00', 'CO', 'admin@gmail.com', 1, 'Gandia'),
(86, 39.044954, -0.170553, '2020-12-18 00:00:00', 'NO2', 'admin@gmail.com', 1, 'Gandia'),
(51, 39.044959, -0.160511, '2020-12-13 00:00:00', 'SO2', 'admin@gmail.com', 1, 'Gandia'),
(78, 39.045001, -0.160732, '2020-12-16 00:00:00', 'SO2', 'admin@gmail.com', 1, 'Gandia'),
(72, 39.045002, -0.175617, '2020-12-15 20:11:44', 'O3', 'admin@gmail.com', 1, 'Gandia'),
(79, 39.045004, -0.175417, '2020-12-15 20:11:44', 'O3', 'admin@gmail.com', 1, 'Gandia'),
(70, 39.045014, -0.160496, '2020-12-18 00:00:00', 'NO2', 'admin@gmail.com', 1, 'Gandia'),
(57, 39.045015, -0.195565, '2020-12-13 00:00:00', 'SO2', 'admin@gmail.com', 1, 'Gandia'),
(40, 39.045015, -0.18058, '2020-12-18 00:00:00', 'NO2', 'admin@gmail.com', 1, 'Gandia'),
(82, 39.045018, -0.205515, '2020-12-13 00:00:00', 'SO2', 'admin@gmail.com', 1, 'Gandia'),
(50, 39.045021, -0.180443, '2020-12-18 00:00:00', 'SO2', 'admin@gmail.com', 1, 'Gandia'),
(33, 39.045033, -0.205373, '2020-12-15 20:11:44', 'O3', 'admin@gmail.com', 1, 'Gandia'),
(37, 39.04504, -0.165364, '2020-12-16 00:00:00', 'O3', 'admin@gmail.com', 1, 'Gandia'),
(45, 39.045063, -0.180768, '2020-12-17 00:00:00', 'SO2', 'admin@gmail.com', 1, 'Gandia'),
(33, 39.045071, -0.160415, '2020-12-15 20:11:44', 'O3', 'admin@gmail.com', 1, 'Gandia'),
(38, 39.045072, -0.150424, '0000-00-00 00:00:00', 'SO2', 'admin@gmail.com', 1, 'Gandia'),
(20, 39.045073, -0.160468, '2020-12-17 00:00:00', 'NO2', 'admin@gmail.com', 1, 'Gandia'),
(35, 39.045087, -0.175407, '2020-12-18 00:00:00', 'O3', 'admin@gmail.com', 1, 'Gandia'),
(19, 39.04509, -0.110381, '2020-12-15 20:11:44', 'O3', 'admin@gmail.com', 1, 'Gandia'),
(43, 39.045095, -0.150439, '2020-12-16 00:00:00', 'O3', 'admin@gmail.com', 1, 'Gandia'),
(35, 39.045102, -0.225608, '2020-12-17 00:00:00', 'CO', 'admin@gmail.com', 1, 'Gandia'),
(39, 39.045113, -0.210549, '2020-12-17 00:00:00', 'O3', 'admin@gmail.com', 1, 'Gandia'),
(98, 39.04512, -0.175597, '2020-12-17 00:00:00', 'SO2', 'admin@gmail.com', 1, 'Gandia'),
(74, 39.04512, -0.125447, '2020-12-17 00:00:00', 'CO', 'admin@gmail.com', 1, 'Gandia'),
(33, 39.045121, -0.205532, '2020-12-18 00:00:00', 'NO2', 'admin@gmail.com', 1, 'Gandia'),
(60, 39.045197, -0.185587, '2020-12-18 00:00:00', 'CO', 'admin@gmail.com', 1, 'Gandia'),
(72, 39.054772, -0.165377, '2020-12-15 20:11:43', 'O3', 'admin@gmail.com', 1, 'Gandia'),
(71, 39.05491, -0.200473, '2020-12-18 00:00:00', 'O3', 'admin@gmail.com', 1, 'Gandia'),
(68, 39.054914, -0.215469, '2020-12-18 00:00:00', 'O3', 'admin@gmail.com', 1, 'Gandia'),
(66, 39.054925, -0.220581, '2020-12-13 00:00:00', 'SO2', 'admin@gmail.com', 1, 'Gandia'),
(86, 39.054927, -0.160519, '2020-12-18 00:00:00', 'SO2', 'admin@gmail.com', 1, 'Gandia'),
(41, 39.054935, -0.215472, '2020-12-16 00:00:00', 'O3', 'admin@gmail.com', 1, 'Gandia'),
(29, 39.054945, -0.175534, '2020-12-17 00:00:00', 'NO2', 'admin@gmail.com', 1, 'Gandia'),
(95, 39.054946, -0.130626, '0000-00-00 00:00:00', 'SO2', 'admin@gmail.com', 1, 'Gandia'),
(61, 39.054954, -0.155658, '0000-00-00 00:00:00', 'SO2', 'admin@gmail.com', 1, 'Gandia'),
(44, 39.054957, -0.180524, '2020-12-15 20:11:43', 'O3', 'admin@gmail.com', 1, 'Gandia'),
(54, 39.054966, -0.150657, '2020-12-17 00:00:00', 'NO2', 'admin@gmail.com', 1, 'Gandia'),
(34, 39.054971, -0.155538, '2020-12-17 00:00:00', 'CO', 'admin@gmail.com', 1, 'Gandia'),
(78, 39.054974, -0.155638, '2020-12-17 00:00:00', 'NO2', 'admin@gmail.com', 1, 'Gandia'),
(59, 39.054976, -0.130428, '2020-12-17 00:00:00', 'CO', 'admin@gmail.com', 1, 'Gandia'),
(71, 39.055005, -0.165544, '2020-12-13 00:00:00', 'SO2', 'admin@gmail.com', 1, 'Gandia'),
(72, 39.055007, -0.160403, '2020-12-17 00:00:00', 'CO', 'admin@gmail.com', 1, 'Gandia'),
(56, 39.055024, -0.155398, '2020-12-17 00:00:00', 'O3', 'admin@gmail.com', 1, 'Gandia'),
(21, 39.055029, -0.160636, '2020-12-18 00:00:00', 'SO2', 'admin@gmail.com', 1, 'Gandia'),
(61, 39.055039, -0.150694, '2020-12-17 00:00:00', 'NO2', 'admin@gmail.com', 1, 'Gandia'),
(46, 39.05504, -0.21059, '2020-12-16 00:00:00', 'O3', 'admin@gmail.com', 1, 'Gandia'),
(87, 39.055047, -0.169577, '2020-12-18 00:00:00', 'CO', 'admin@gmail.com', 1, 'Gandia'),
(61, 39.055063, -0.145486, '2020-12-17 00:00:00', 'CO', 'admin@gmail.com', 1, 'Gandia'),
(59, 39.055064, -0.180442, '2020-12-17 00:00:00', 'SO2', 'admin@gmail.com', 1, 'Gandia'),
(93, 39.055074, -0.185445, '2020-12-16 00:00:00', 'SO2', 'admin@gmail.com', 1, 'Gandia'),
(73, 39.055079, -0.15548, '2020-12-18 00:00:00', 'O3', 'admin@gmail.com', 1, 'Gandia'),
(68, 39.05508, -0.220463, '2020-12-18 00:00:00', 'SO2', 'admin@gmail.com', 1, 'Gandia'),
(61, 39.055086, -0.24552, '2020-12-17 00:00:00', 'O3', 'admin@gmail.com', 1, 'Gandia'),
(29, 39.055107, -0.180505, '2020-12-17 00:00:00', 'CO', 'admin@gmail.com', 1, 'Gandia'),
(84, 39.055107, -0.180297, '2020-12-18 00:00:00', 'SO2', 'admin@gmail.com', 1, 'Gandia'),
(58, 39.055142, -0.200527, '2020-12-17 00:00:00', 'NO2', 'admin@gmail.com', 1, 'Gandia'),
(46, 39.055143, -0.145301, '2020-12-17 00:00:00', 'SO2', 'admin@gmail.com', 1, 'Gandia'),
(10, 39.055166, -0.155535, '2020-12-18 00:00:00', 'CO', 'admin@gmail.com', 1, 'Gandia'),
(78, 39.05518, -0.190392, '2020-12-18 00:00:00', 'NO2', 'admin@gmail.com', 1, 'Gandia'),
(34, 39.055187, -0.145519, '2020-12-18 00:00:00', 'CO', 'admin@gmail.com', 1, 'Gandia'),
(45, 39.055232, -0.150622, '2020-12-15 20:11:44', 'O3', 'admin@gmail.com', 1, 'Gandia'),
(86, 39.05526, -0.150428, '2020-12-17 00:00:00', 'O3', 'admin@gmail.com', 1, 'Gandia'),
(52, 39.064829, -0.17064, '0000-00-00 00:00:00', 'SO2', 'admin@gmail.com', 1, 'Gandia'),
(85, 39.064854, -0.180602, '2020-12-17 00:00:00', 'O3', 'admin@gmail.com', 1, 'Gandia'),
(44, 39.064861, -0.140386, '2020-12-15 20:11:44', 'O3', 'admin@gmail.com', 1, 'Gandia'),
(89, 39.064863, -0.195541, '2020-12-17 00:00:00', 'O3', 'admin@gmail.com', 1, 'Gandia'),
(55, 39.064881, -0.185378, '2020-12-16 00:00:00', 'SO2', 'admin@gmail.com', 1, 'Gandia'),
(93, 39.064889, -0.175613, '2020-12-16 00:00:00', 'O3', 'admin@gmail.com', 1, 'Gandia'),
(89, 39.064898, -0.150337, '2020-12-17 00:00:00', 'NO2', 'admin@gmail.com', 1, 'Gandia'),
(26, 39.064903, -0.185511, '2020-12-18 00:00:00', 'CO', 'admin@gmail.com', 1, 'Gandia'),
(80, 39.064904, -0.140524, '2020-12-17 00:00:00', 'SO2', 'admin@gmail.com', 1, 'Gandia'),
(91, 39.064911, -0.155557, '2020-12-13 00:00:00', 'SO2', 'admin@gmail.com', 1, 'Gandia'),
(86, 39.064919, -0.15039, '2020-12-17 00:00:00', 'O3', 'admin@gmail.com', 1, 'Gandia'),
(43, 39.064946, -0.200295, '2020-12-17 00:00:00', 'O3', 'admin@gmail.com', 1, 'Gandia'),
(76, 39.06495, -0.19041, '2020-12-13 00:00:00', 'SO2', 'admin@gmail.com', 1, 'Gandia'),
(44, 39.064973, -0.210599, '2020-12-16 00:00:00', 'SO2', 'admin@gmail.com', 1, 'Gandia'),
(69, 39.064976, -0.175657, '2020-12-18 00:00:00', 'CO', 'admin@gmail.com', 1, 'Gandia'),
(53, 39.064989, -0.120458, '2020-12-17 00:00:00', 'NO2', 'admin@gmail.com', 1, 'Gandia'),
(50, 39.065027, -0.10565, '2020-12-17 00:00:00', 'SO2', 'admin@gmail.com', 1, 'Gandia'),
(52, 39.065043, -0.155759, '2020-12-16 00:00:00', 'SO2', 'admin@gmail.com', 1, 'Gandia'),
(54, 39.06505, -0.145365, '2020-12-13 00:00:00', 'SO2', 'admin@gmail.com', 1, 'Gandia'),
(60, 39.065078, -0.215544, '2020-12-17 00:00:00', 'O3', 'admin@gmail.com', 1, 'Gandia'),
(53, 39.065081, -0.160452, '2020-12-18 00:00:00', 'NO2', 'admin@gmail.com', 1, 'Gandia'),
(53, 39.065088, -0.130439, '2020-12-17 00:00:00', 'SO2', 'admin@gmail.com', 1, 'Gandia'),
(49, 39.065106, -0.21559, '2020-12-18 00:00:00', 'CO', 'admin@gmail.com', 1, 'Gandia'),
(72, 39.06512, -0.195474, '2020-12-18 00:00:00', 'SO2', 'admin@gmail.com', 1, 'Gandia'),
(42, 39.065136, -0.200671, '2020-12-18 00:00:00', 'NO2', 'admin@gmail.com', 1, 'Gandia'),
(50, 39.065212, -0.175679, '2020-12-17 00:00:00', 'CO', 'admin@gmail.com', 1, 'Gandia'),
(66, 39.074879, -0.180514, '2020-12-18 00:00:00', 'CO', 'admin@gmail.com', 1, 'Gandia'),
(38, 39.074898, -0.235709, '2020-12-17 00:00:00', 'NO2', 'admin@gmail.com', 1, 'Gandia'),
(48, 39.074904, -0.120622, '2020-12-17 00:00:00', 'NO2', 'admin@gmail.com', 1, 'Gandia'),
(50, 39.074906, -0.140405, '2020-12-17 00:00:00', 'CO', 'admin@gmail.com', 1, 'Gandia'),
(71, 39.07492, -0.205457, '2020-12-18 00:00:00', 'SO2', 'admin@gmail.com', 1, 'Gandia'),
(59, 39.074921, -0.165618, '2020-12-15 20:11:43', 'O3', 'admin@gmail.com', 1, 'Gandia'),
(54, 39.07493, -0.110582, '2020-12-16 00:00:00', 'SO2', 'admin@gmail.com', 1, 'Gandia'),
(88, 39.074959, -0.235504, '2020-12-15 20:11:44', 'O3', 'admin@gmail.com', 1, 'Gandia'),
(67, 39.074959, -0.180483, '0000-00-00 00:00:00', 'SO2', 'admin@gmail.com', 1, 'Gandia'),
(30, 39.074962, -0.160584, '2020-12-17 00:00:00', 'CO', 'admin@gmail.com', 1, 'Gandia'),
(43, 39.074963, -0.225459, '2020-12-18 00:00:00', 'CO', 'admin@gmail.com', 1, 'Gandia'),
(43, 39.074975, -0.19054, '2020-12-17 00:00:00', 'NO2', 'admin@gmail.com', 1, 'Gandia'),
(55, 39.07498, -0.170661, '2020-12-17 00:00:00', 'NO2', 'admin@gmail.com', 1, 'Gandia'),
(71, 39.075003, -0.160609, '2020-12-18 00:00:00', 'CO', 'admin@gmail.com', 1, 'Gandia'),
(28, 39.075005, -0.13536, '2020-12-18 00:00:00', 'NO2', 'admin@gmail.com', 1, 'Gandia'),
(49, 39.075008, -0.150574, '2020-12-17 00:00:00', 'O3', 'admin@gmail.com', 1, 'Gandia'),
(57, 39.075036, -0.170352, '2020-12-18 00:00:00', 'O3', 'admin@gmail.com', 1, 'Gandia'),
(23, 39.075039, -0.11541, '2020-12-13 00:00:00', 'SO2', 'admin@gmail.com', 1, 'Gandia'),
(78, 39.075054, -0.175392, '2020-12-18 00:00:00', 'O3', 'admin@gmail.com', 1, 'Gandia'),
(94, 39.075084, -0.175572, '2020-12-18 00:00:00', 'SO2', 'admin@gmail.com', 1, 'Gandia'),
(47, 39.07509, -0.160497, '2020-12-17 00:00:00', 'SO2', 'admin@gmail.com', 1, 'Gandia'),
(70, 39.075278, -0.135481, '2020-12-15 20:11:43', 'O3', 'admin@gmail.com', 1, 'Gandia'),
(24, 39.084852, -0.245467, '2020-12-15 20:11:44', 'O3', 'admin@gmail.com', 1, 'Gandia'),
(48, 39.084991, -0.130579, '0000-00-00 00:00:00', 'SO2', 'admin@gmail.com', 1, 'Gandia'),
(62, 39.085007, -0.190503, '2020-12-17 00:00:00', 'O3', 'admin@gmail.com', 1, 'Gandia'),
(68, 39.085055, -0.210377, '2020-12-18 00:00:00', 'O3', 'admin@gmail.com', 1, 'Gandia'),
(38, 39.085056, -0.155581, '2020-12-18 00:00:00', 'O3', 'admin@gmail.com', 1, 'Gandia'),
(36, 39.085125, -0.245318, '2020-12-17 00:00:00', 'CO', 'admin@gmail.com', 1, 'Gandia'),
(57, 39.085141, -0.210637, '2020-12-18 00:00:00', 'O3', 'admin@gmail.com', 1, 'Gandia'),
(56, 39.085159, -0.145492, '2020-12-13 00:00:00', 'SO2', 'admin@gmail.com', 1, 'Gandia'),
(72, 39.094897, -0.230575, '2020-12-18 00:00:00', 'SO2', 'admin@gmail.com', 1, 'Gandia'),
(59, 39.094926, -0.215432, '2020-12-17 00:00:00', 'NO2', 'admin@gmail.com', 1, 'Gandia'),
(33, 39.094937, -0.145488, '2020-12-17 00:00:00', 'CO', 'admin@gmail.com', 1, 'Gandia'),
(55, 39.094956, -0.190692, '2020-12-16 00:00:00', 'O3', 'admin@gmail.com', 1, 'Gandia'),
(24, 39.094959, -0.205731, '2020-12-18 00:00:00', 'NO2', 'admin@gmail.com', 1, 'Gandia'),
(39, 39.094965, -0.185488, '2020-12-15 20:11:44', 'O3', 'admin@gmail.com', 1, 'Gandia'),
(39, 39.094968, -0.210703, '2020-12-13 00:00:00', 'SO2', 'admin@gmail.com', 1, 'Gandia'),
(53, 39.09498, -0.135407, '2020-12-18 00:00:00', 'CO', 'admin@gmail.com', 1, 'Gandia'),
(47, 39.09507, -0.145246, '2020-12-16 00:00:00', 'O3', 'admin@gmail.com', 1, 'Gandia'),
(47, 39.095105, -0.200389, '2020-12-17 00:00:00', 'CO', 'admin@gmail.com', 1, 'Gandia'),
(64, 39.09512, -0.190468, '2020-12-18 00:00:00', 'NO2', 'lauramelerogarrigos@gmail.com', 1, 'Gandia'),
(62, 39.09514, -0.200396, '2020-12-18 00:00:00', 'SO2', 'admin@gmail.com', 1, 'Gandia'),
(57, 39.104705, -0.200508, '2020-12-18 00:00:00', 'SO2', 'admin@gmail.com', 1, 'Gandia'),
(69, 39.104926, -0.175398, '2020-12-18 00:00:00', 'SO2', 'admin@gmail.com', 1, 'Gandia'),
(71, 39.105013, -0.105684, '2020-12-18 00:00:00', 'SO2', 'admin@gmail.com', 1, 'Gandia'),
(49, 39.105024, -0.185534, '2020-12-16 00:00:00', 'O3', 'admin@gmail.com', 1, 'Gandia'),
(42, 39.105032, -0.18045, '2020-12-18 00:00:00', 'O3', 'admin@gmail.com', 1, 'Gandia'),
(79, 39.105034, -0.12043, '2020-12-17 00:00:00', 'NO2', 'admin@gmail.com', 1, 'Gandia'),
(50, 39.10508, -0.245386, '2020-12-16 00:00:00', 'O3', 'admin@gmail.com', 1, 'Gandia'),
(64, 39.105169, -0.16539, '2020-12-17 00:00:00', 'O3', 'admin@gmail.com', 1, 'Gandia'),
(51, 39.105174, -0.17549, '2020-12-17 00:00:00', 'SO2', 'admin@gmail.com', 1, 'Gandia'),
(32, 39.105203, -0.195438, '2020-12-17 00:00:00', 'SO2', 'admin@gmail.com', 1, 'Gandia'),
(60, 39.4768, -0.3769, '2020-10-17 11:54:59', 'O3', 'admin@gmail.com', 0, 'Gandia'),
(130, 39.4768, -0.3769, '2020-10-17 11:56:17', 'O3', 'admin@gmail.com', 0, 'Gandia'),
(132, 39.4768, -0.3769, '2020-10-17 11:56:24', 'O3', 'admin@gmail.com', 0, 'Gandia'),
(112, 39.4768, -0.3769, '2020-10-17 11:56:30', 'O3', 'admin@gmail.com', 0, 'Gandia'),
(100, 39.4768, -0.3769, '2020-10-17 11:56:34', 'O3', 'admin@gmail.com', 0, 'Gandia'),
(34, 39.4768, -0.3769, '2020-10-17 11:56:37', 'O3', 'admin@gmail.com', 0, 'Gandia');

-- --------------------------------------------------------

--
-- Estructura de tabla para la tabla `nodos`
--

CREATE TABLE `nodos` (
  `idNodo` int(11) NOT NULL,
  `enlace` varchar(512) NOT NULL
) ENGINE=InnoDB DEFAULT CHARSET=utf8mb4;

--
-- Volcado de datos para la tabla `nodos`
--

INSERT INTO `nodos` (`idNodo`, `enlace`) VALUES
(1, 'https://chart.googleapis.com/chart?chs=320x320&cht=qr&chl=1'),
(2, 'https://chart.googleapis.com/chart?chs=320x320&cht=qr&chl=2'),
(3, 'https://chart.googleapis.com/chart?chs=320x320&cht=qr&chl=3');

-- --------------------------------------------------------

--
-- Estructura de tabla para la tabla `recuperacionesclave`
--

CREATE TABLE `recuperacionesclave` (
  `idRecuperacion` int(11) NOT NULL,
  `token` varchar(255) NOT NULL,
  `correo` varchar(255) NOT NULL,
  `momento` datetime NOT NULL,
  `usado` tinyint(1) NOT NULL
) ENGINE=InnoDB DEFAULT CHARSET=utf8mb4;

--
-- Volcado de datos para la tabla `recuperacionesclave`
--

INSERT INTO `recuperacionesclave` (`idRecuperacion`, `token`, `correo`, `momento`, `usado`) VALUES
(2, '1ngNIzHPPcEWhDB12AwbXiCQNbvxEHRHXp989K4BLHjowuf3GLCFBMLuJW0xwO1J4BCQvwXusdmJPVqfHp1ktsk7wne4UJuDoS9e9wrMyDXBc1ibSUH6tb2Lga2fGx7ZqRZs9idOIx8HzpfDIed4Tnuf2M9uSp2zECSCXdqwLHuTkGhnnzLuPYRHOqCnyw38gxnai3Af0uSDz0IbfakbZdNLlvmOk1vY0Mb46wZj54R6qq2GhYAxJRqo6', 'admin@gmail.com', '2021-01-14 19:03:16', 1);

-- --------------------------------------------------------

--
-- Estructura de tabla para la tabla `tiposestado`
--

CREATE TABLE `tiposestado` (
  `tiposEstado` varchar(255) CHARACTER SET utf8mb4 NOT NULL
) ENGINE=InnoDB DEFAULT CHARSET=utf8 COLLATE=utf8_spanish_ci;

--
-- Volcado de datos para la tabla `tiposestado`
--

INSERT INTO `tiposestado` (`tiposEstado`) VALUES
('en proceso'),
('pendiente'),
('revisada');

-- --------------------------------------------------------

--
-- Estructura de tabla para la tabla `tiposincidencia`
--

CREATE TABLE `tiposincidencia` (
  `nombreIncidencia` varchar(255) CHARACTER SET utf8mb4 NOT NULL,
  `modulo` varchar(255) CHARACTER SET utf8mb4 NOT NULL,
  `nivelGravedad` varchar(255) CHARACTER SET utf8mb4 NOT NULL
) ENGINE=InnoDB DEFAULT CHARSET=utf8 COLLATE=utf8_spanish_ci;

--
-- Volcado de datos para la tabla `tiposincidencia`
--

INSERT INTO `tiposincidencia` (`nombreIncidencia`, `modulo`, `nivelGravedad`) VALUES
('lecturasErroneas', 'sensor', 'alto');

-- --------------------------------------------------------

--
-- Estructura de tabla para la tabla `tiposmedida`
--

CREATE TABLE `tiposmedida` (
  `nombreTipo` varchar(255) NOT NULL,
  `unidades` varchar(255) DEFAULT NULL,
  `valorOptimo` int(11) NOT NULL,
  `valorAlerta` int(11) NOT NULL,
  `valorPeligro` int(11) NOT NULL
) ENGINE=InnoDB DEFAULT CHARSET=utf8mb4;

--
-- Volcado de datos para la tabla `tiposmedida`
--

INSERT INTO `tiposmedida` (`nombreTipo`, `unidades`, `valorOptimo`, `valorAlerta`, `valorPeligro`) VALUES
('CO', NULL, 0, 0, 0),
('NO2', NULL, 0, 0, 0),
('O3', 'ug/m3', 0, 180, 240),
('SO2', 'ug/m^3', 0, 100, 200);

-- --------------------------------------------------------

--
-- Estructura de tabla para la tabla `usuarios`
--

CREATE TABLE `usuarios` (
  `correo` varchar(255) NOT NULL,
  `clave` varchar(255) NOT NULL,
  `nombre` varchar(255) DEFAULT NULL,
  `apellidos` varchar(255) DEFAULT NULL,
  `telefono` varchar(9) DEFAULT NULL,
  `fechaRegistro` date NOT NULL,
  `idNodo` int(11) DEFAULT NULL,
  `esAdministrador` tinyint(1) NOT NULL
) ENGINE=InnoDB DEFAULT CHARSET=utf8mb4;

--
-- Volcado de datos para la tabla `usuarios`
--

INSERT INTO `usuarios` (`correo`, `clave`, `nombre`, `apellidos`, `telefono`, `fechaRegistro`, `idNodo`, `esAdministrador`) VALUES
('abcd@gmail.com', '1234', 'Prueba', 'con apellidos', NULL, '2020-11-01', 3, 0),
('admin@gmail.com', '1234', 'Adrian', NULL, NULL, '2020-10-31', 1, 1),
('lauramelerogarrigos@gmail.com', '1234', 'Laura', 'Melero', NULL, '2020-12-18', 4, 0),
('uwu@gmail.com', '1234', 'yo', 'y mis apellidos', '123456789', '2020-11-01', 2, 0);

-- --------------------------------------------------------

--
-- Estructura de tabla para la tabla `zonas`
--

CREATE TABLE `zonas` (
  `zona` varchar(255) NOT NULL,
  `latitudMinima` double NOT NULL,
  `longitudMinima` double NOT NULL,
  `latitudMaxima` double NOT NULL,
  `longitudMaxima` double NOT NULL,
  `descripcion` varchar(255) NOT NULL
) ENGINE=InnoDB DEFAULT CHARSET=utf8mb4;

--
-- Volcado de datos para la tabla `zonas`
--

INSERT INTO `zonas` (`zona`, `latitudMinima`, `longitudMinima`, `latitudMaxima`, `longitudMaxima`, `descripcion`) VALUES
('Gandia', 38.8, -0.38, 39.5, -0.11, 'Region de Gandia');

--
-- Índices para tablas volcadas
--

--
-- Indices de la tabla `incidencias`
--
ALTER TABLE `incidencias`
  ADD PRIMARY KEY (`momento`),
  ADD KEY `tipoIncidencia` (`tipoIncidencia`,`estado`),
  ADD KEY `estado` (`estado`),
  ADD KEY `usuario` (`usuario`,`idNodo`),
  ADD KEY `idNodo` (`idNodo`);

--
-- Indices de la tabla `medidas`
--
ALTER TABLE `medidas`
  ADD PRIMARY KEY (`latitud`,`longitud`,`momento`),
  ADD KEY `tipoMedida` (`tipoMedida`),
  ADD KEY `correo` (`correo`);

--
-- Indices de la tabla `nodos`
--
ALTER TABLE `nodos`
  ADD PRIMARY KEY (`idNodo`),
  ADD UNIQUE KEY `enlace` (`enlace`);

--
-- Indices de la tabla `recuperacionesclave`
--
ALTER TABLE `recuperacionesclave`
  ADD PRIMARY KEY (`idRecuperacion`),
  ADD UNIQUE KEY `token` (`token`);

--
-- Indices de la tabla `tiposestado`
--
ALTER TABLE `tiposestado`
  ADD PRIMARY KEY (`tiposEstado`);

--
-- Indices de la tabla `tiposincidencia`
--
ALTER TABLE `tiposincidencia`
  ADD PRIMARY KEY (`nombreIncidencia`);

--
-- Indices de la tabla `tiposmedida`
--
ALTER TABLE `tiposmedida`
  ADD PRIMARY KEY (`nombreTipo`);

--
-- Indices de la tabla `usuarios`
--
ALTER TABLE `usuarios`
  ADD PRIMARY KEY (`correo`),
  ADD UNIQUE KEY `idNodo` (`idNodo`),
  ADD UNIQUE KEY `telefono` (`telefono`);

--
-- Indices de la tabla `zonas`
--
ALTER TABLE `zonas`
  ADD PRIMARY KEY (`zona`);

--
-- AUTO_INCREMENT de las tablas volcadas
--

--
-- AUTO_INCREMENT de la tabla `nodos`
--
ALTER TABLE `nodos`
  MODIFY `idNodo` int(11) NOT NULL AUTO_INCREMENT, AUTO_INCREMENT=4;

--
-- AUTO_INCREMENT de la tabla `recuperacionesclave`
--
ALTER TABLE `recuperacionesclave`
  MODIFY `idRecuperacion` int(11) NOT NULL AUTO_INCREMENT, AUTO_INCREMENT=8;

--
-- Restricciones para tablas volcadas
--

--
-- Filtros para la tabla `incidencias`
--
ALTER TABLE `incidencias`
  ADD CONSTRAINT `incidencias_ibfk_1` FOREIGN KEY (`tipoIncidencia`) REFERENCES `tiposincidencia` (`nombreIncidencia`),
  ADD CONSTRAINT `incidencias_ibfk_2` FOREIGN KEY (`estado`) REFERENCES `tiposestado` (`tiposEstado`),
  ADD CONSTRAINT `incidencias_ibfk_3` FOREIGN KEY (`usuario`) REFERENCES `usuarios` (`correo`),
  ADD CONSTRAINT `incidencias_ibfk_4` FOREIGN KEY (`idNodo`) REFERENCES `usuarios` (`idNodo`);

--
-- Filtros para la tabla `medidas`
--
ALTER TABLE `medidas`
  ADD CONSTRAINT `medidas_ibfk_1` FOREIGN KEY (`tipoMedida`) REFERENCES `tiposmedida` (`nombreTipo`) ON DELETE CASCADE ON UPDATE CASCADE,
  ADD CONSTRAINT `medidas_ibfk_2` FOREIGN KEY (`correo`) REFERENCES `usuarios` (`correo`) ON DELETE NO ACTION ON UPDATE CASCADE;
COMMIT;

/*!40101 SET CHARACTER_SET_CLIENT=@OLD_CHARACTER_SET_CLIENT */;
/*!40101 SET CHARACTER_SET_RESULTS=@OLD_CHARACTER_SET_RESULTS */;
/*!40101 SET COLLATION_CONNECTION=@OLD_COLLATION_CONNECTION */;
